event_id,replay_id,type,timestamp,delay
0a79aaab-795a-4239-97ed-c38169914b13,ba2a036f-4f6b-4ded-95d9-70434798e540,incrementalsnapshot,2025-05-06T00:51:03.000Z,376
0d96d1e3-db79-44a8-b2c3-2e102119254d,ba2a036f-4f6b-4ded-95d9-70434798e540,incrementalsnapshot,2025-05-06T00:51:05.000Z,3271
15f7a01a-9f4f-4d8d-a767-162a7c39cff0,ba2a036f-4f6b-4ded-95d9-70434798e540,incrementalsnapshot,2025-05-06T00:51:03.000Z,912
1ff7a5e2-931c-4524-b2d1-56b1ef932012,ba2a036f-4f6b-4ded-95d9-70434798e540,incrementalsnapshot,2025-05-06T00:51:05.000Z,2797
27472c7b-e4d9-475b-bc49-9bb92eaa8add,ba2a036f-4f6b-4ded-95d9-70434798e540,incrementalsnapshot,2025-05-06T00:51:04.000Z,1360
33516b2c-1f2e-490b-a35a-73a20181513d,ba2a036f-4f6b-4ded-95d9-70434798e540,incrementalsnapshot,2025-05-06T00:51:03.000Z,599
35fab52e-dc27-4fe0-a1b3-bef045a19e90,ba2a036f-4f6b-4ded-95d9-70434798e540,fullsnapshot,2025-05-06T00:51:02.000Z,1
44bd65c8-c92c-4502-ade4-b88c736f83c4,ba2a036f-4f6b-4ded-95d9-70434798e540,incrementalsnapshot,2025-05-06T00:51:03.000Z,463
4ab471ea-5cd5-4217-895a-692d51cfaa3d,ba2a036f-4f6b-4ded-95d9-70434798e540,incrementalsnapshot,2025-05-06T00:51:04.000Z,1892
4c0107d6-08bc-44a8-9c52-5833de2ad728,ba2a036f-4f6b-4ded-95d9-70434798e540,incrementalsnapshot,2025-05-06T00:51:05.000Z,2447
503f5c9e-6d9a-4fd8-aa68-0344feafc196,ba2a036f-4f6b-4ded-95d9-70434798e540,incrementalsnapshot,2025-05-06T00:51:07.000Z,4693
5437bf09-5f9c-4090-81be-65264cc8703e,ba2a036f-4f6b-4ded-95d9-70434798e540,incrementalsnapshot,2025-05-06T00:51:04.000Z,1621
5961c92f-ced3-41d6-b603-b2d1d43ac145,ba2a036f-4f6b-4ded-95d9-70434798e540,incrementalsnapshot,2025-05-06T00:51:05.000Z,2409
5e3ae7e3-b572-49d8-90bf-d37a25d32529,ba2a036f-4f6b-4ded-95d9-70434798e540,incrementalsnapshot,2025-05-06T00:51:03.000Z,806
60098620-8b9f-44ba-ad84-037b281f1fee,ba2a036f-4f6b-4ded-95d9-70434798e540,incrementalsnapshot,2025-05-06T00:51:05.000Z,2516
63ec4d07-654d-4448-97c1-1ce011890b55,ba2a036f-4f6b-4ded-95d9-70434798e540,incrementalsnapshot,2025-05-06T00:51:05.000Z,3374
7201ee51-0ff1-4b11-a9c0-71b14c6c4c80,ba2a036f-4f6b-4ded-95d9-70434798e540,incrementalsnapshot,2025-05-06T00:51:03.000Z,1161
735bf0ed-d433-416f-806e-d0a49a6dc753,ba2a036f-4f6b-4ded-95d9-70434798e540,incrementalsnapshot,2025-05-06T00:51:05.000Z,2843
73ca06e9-2ec9-4426-9d7b-7d362b38a604,ba2a036f-4f6b-4ded-95d9-70434798e540,incrementalsnapshot,2025-05-06T00:51:02.000Z,326
74722f93-0d7a-4f78-ba93-826ffe0b795c,ba2a036f-4f6b-4ded-95d9-70434798e540,incrementalsnapshot,2025-05-06T00:51:05.000Z,3272
961ea4ce-9e1c-43b4-b4e3-37e5406c9301,ba2a036f-4f6b-4ded-95d9-70434798e540,incrementalsnapshot,2025-05-06T00:51:07.000Z,4582
96c19f6a-afa3-4e80-8876-1f9dbe5a6c26,ba2a036f-4f6b-4ded-95d9-70434798e540,incrementalsnapshot,2025-05-06T00:51:04.000Z,2055
994f401f-c991-43e7-a011-f77bfa830670,ba2a036f-4f6b-4ded-95d9-70434798e540,incrementalsnapshot,2025-05-06T00:51:04.000Z,2055
a6375408-5eff-464c-8348-f40a726f295c,ba2a036f-4f6b-4ded-95d9-70434798e540,incrementalsnapshot,2025-05-06T00:51:07.000Z,4583
a7c917c3-10f5-407a-a489-55d12827b5ee,ba2a036f-4f6b-4ded-95d9-70434798e540,incrementalsnapshot,2025-05-06T00:51:05.000Z,2515
a8810df4-0412-4281-b34b-9709be9314a6,ba2a036f-4f6b-4ded-95d9-70434798e540,incrementalsnapshot,2025-05-06T00:51:03.000Z,756
aceaf926-4746-4a3e-bf0d-e991bc4e6abf,ba2a036f-4f6b-4ded-95d9-70434798e540,incrementalsnapshot,2025-05-06T00:51:03.000Z,649
afbf5361-705d-4956-a27e-ee1144ad1ff7,ba2a036f-4f6b-4ded-95d9-70434798e540,incrementalsnapshot,2025-05-06T00:51:04.000Z,1726
b739db88-6229-4192-af81-9e7049682363,ba2a036f-4f6b-4ded-95d9-70434798e540,incrementalsnapshot,2025-05-06T00:51:08.000Z,5423
b7477790-949c-4268-85ca-53dc59be4aad,ba2a036f-4f6b-4ded-95d9-70434798e540,incrementalsnapshot,2025-05-06T00:51:03.000Z,911
b9d0c754-c268-4ac2-ba45-e97b2e3fc8c7,ba2a036f-4f6b-4ded-95d9-70434798e540,incrementalsnapshot,2025-05-06T00:51:03.000Z,599
ba6a3aed-5f6b-4257-9ad6-062f9ae7f8dc,ba2a036f-4f6b-4ded-95d9-70434798e540,incrementalsnapshot,2025-05-06T00:51:03.000Z,1169
bbce71cf-f271-44ac-a3db-4bc2f9db5a4b,ba2a036f-4f6b-4ded-95d9-70434798e540,incrementalsnapshot,2025-05-06T00:51:04.000Z,1520
be24ee9d-3ad4-46e5-90b6-747a254a89ae,ba2a036f-4f6b-4ded-95d9-70434798e540,incrementalsnapshot,2025-05-06T00:51:04.000Z,2061
bfa97259-d7a6-4f33-8afc-2f191275b393,ba2a036f-4f6b-4ded-95d9-70434798e540,incrementalsnapshot,2025-05-06T00:51:04.000Z,2182
c4677312-ab8c-4d6f-99f7-91361dbdac87,ba2a036f-4f6b-4ded-95d9-70434798e540,incrementalsnapshot,2025-05-06T00:51:03.000Z,859
c6f2eb98-0998-4ac6-815f-e3e7dd1927d9,ba2a036f-4f6b-4ded-95d9-70434798e540,meta,2025-05-06T00:51:02.000Z,0
c90c187b-e6e7-4304-9e14-b3ccebf87fd5,ba2a036f-4f6b-4ded-95d9-70434798e540,incrementalsnapshot,2025-05-06T00:51:03.000Z,1071
ca86978f-b9dd-4d8e-b516-ea7e642b3402,ba2a036f-4f6b-4ded-95d9-70434798e540,incrementalsnapshot,2025-05-06T00:51:07.000Z,4760
d3a05847-a9b3-4535-b7d9-fb8b13dfd0b9,ba2a036f-4f6b-4ded-95d9-70434798e540,incrementalsnapshot,2025-05-06T00:51:05.000Z,3272
d44af50f-c531-488d-8f59-8243efface19,ba2a036f-4f6b-4ded-95d9-70434798e540,incrementalsnapshot,2025-05-06T00:51:05.000Z,3375
da5e2ace-8a35-45d8-bbde-07d1971966e3,ba2a036f-4f6b-4ded-95d9-70434798e540,incrementalsnapshot,2025-05-06T00:51:05.000Z,2823
da84b00b-77ae-40a9-8479-aa9d4aeb6413,ba2a036f-4f6b-4ded-95d9-70434798e540,incrementalsnapshot,2025-05-06T00:51:03.000Z,912
f04baaad-5ed1-46b4-ad74-86b0dd9ff046,ba2a036f-4f6b-4ded-95d9-70434798e540,incrementalsnapshot,2025-05-06T00:51:03.000Z,1168
f8854007-e7b1-43e5-a017-11a7cb559910,ba2a036f-4f6b-4ded-95d9-70434798e540,incrementalsnapshot,2025-05-06T00:51:04.000Z,2182
f94b447b-bc29-4c40-abce-187ca857362c,ba2a036f-4f6b-4ded-95d9-70434798e540,incrementalsnapshot,2025-05-06T00:51:03.000Z,1193
ff170e29-fadd-49b1-8a26-8584efa7ca9f,ba2a036f-4f6b-4ded-95d9-70434798e540,incrementalsnapshot,2025-05-06T00:51:05.000Z,2423