00887cf0ac0546d0b38f97d661e5b24f,bd746a7f72e48c688cd219518c3fb074765df24d907b6c225519c0ca703f13db,class=primary disabled
00887cf0ac0546d0b38f97d661e5b24f,bd746a7f72e48c688cd219518c3fb074765df24d907b6c225519c0ca703f13db,itemprop=datePublished
00887cf0ac0546d0b38f97d661e5b24f,bd746a7f72e48c688cd219518c3fb074765df24d907b6c225519c0ca703f13db,title=Information
00bdc9ff27db4f7ea300875ca35eecfd,77e96e6578776221f909428797758852278b3d0aa8e009583fd6c1e65023e42c,class=large disabled
00bdc9ff27db4f7ea300875ca35eecfd,77e96e6578776221f909428797758852278b3d0aa8e009583fd6c1e65023e42c,data-section=testimonials
00c0def8a3e94bf8a2851d9a2c7a8d4e,6b4480e65aaeea646446e613b3ca5e8114453afdba8c81a2ea7ec67d9b3bd294,lang=en
00c0def8a3e94bf8a2851d9a2c7a8d4e,6b4480e65aaeea646446e613b3ca5e8114453afdba8c81a2ea7ec67d9b3bd294,dir=ltr
00c0def8a3e94bf8a2851d9a2c7a8d4e,6b4480e65aaeea646446e613b3ca5e8114453afdba8c81a2ea7ec67d9b3bd294,class=active primary
019de6f0e7bd421299dae7735aa53a9f,db0d022a272b69720e1799664a05c45df4de7b85f2461d8d17ce10e712724ccf,download=document.docx
019de6f0e7bd421299dae7735aa53a9f,db0d022a272b69720e1799664a05c45df4de7b85f2461d8d17ce10e712724ccf,href=/contact
019de6f0e7bd421299dae7735aa53a9f,db0d022a272b69720e1799664a05c45df4de7b85f2461d8d17ce10e712724ccf,target=_parent
022287fbc34147b28c6518cb91a70dd4,77e96e6578776221f909428797758852278b3d0aa8e009583fd6c1e65023e42c,type=email
029f7cf6a35d4f6b8830eb57ee119464,31fbb355ad7e68f6ddd84b0438ee9c8b1756df7087f8f933d2209609d92322c1,class=btn primary
029f7cf6a35d4f6b8830eb57ee119464,31fbb355ad7e68f6ddd84b0438ee9c8b1756df7087f8f933d2209609d92322c1,aria-hidden=false
036a8ef32f15497697cbdc0804ccfacc,09e9fc3cd956ec93874200929558c90f27db93e91e85061a4974b6a03edda537,target=_top
036a8ef32f15497697cbdc0804ccfacc,09e9fc3cd956ec93874200929558c90f27db93e91e85061a4974b6a03edda537,method=get
036a8ef32f15497697cbdc0804ccfacc,09e9fc3cd956ec93874200929558c90f27db93e91e85061a4974b6a03edda537,novalidate=
03c9d8fbdd29491490a0a24261bc26f8,2376de39f9d16f2eda331165151dfe8f2281caf0a446d6c63a26565ecf8fc45d,hreflang=es-ES
03c9d8fbdd29491490a0a24261bc26f8,2376de39f9d16f2eda331165151dfe8f2281caf0a446d6c63a26565ecf8fc45d,target=_blank
03c9d8fbdd29491490a0a24261bc26f8,2376de39f9d16f2eda331165151dfe8f2281caf0a446d6c63a26565ecf8fc45d,download=document.docx
04aa8cf64c234f0e978eefca44a27540,81d89299fdc38f7b01d46426c25aa8b875af5c236b8c98496f09df60e0d87f0f,class=active disabled
04aa8cf64c234f0e978eefca44a27540,81d89299fdc38f7b01d46426c25aa8b875af5c236b8c98496f09df60e0d87f0f,form=form-login
063c5ffd28c143d19e5ae1c0fc6cf3ef,7ceb48a68eb341d2bd1540bb98f4590e73c6b55aab9d86f8d99a6deef11089d8,aria-hidden=true
063c5ffd28c143d19e5ae1c0fc6cf3ef,7ceb48a68eb341d2bd1540bb98f4590e73c6b55aab9d86f8d99a6deef11089d8,id=nav-2323
063c5ffd28c143d19e5ae1c0fc6cf3ef,7ceb48a68eb341d2bd1540bb98f4590e73c6b55aab9d86f8d99a6deef11089d8,data-section=testimonials
065ff9f595834469a9b6d6a1719ae702,09e9fc3cd956ec93874200929558c90f27db93e91e85061a4974b6a03edda537,disabled=
065ff9f595834469a9b6d6a1719ae702,09e9fc3cd956ec93874200929558c90f27db93e91e85061a4974b6a03edda537,onclick=handleClick_)
065ff9f595834469a9b6d6a1719ae702,09e9fc3cd956ec93874200929558c90f27db93e91e85061a4974b6a03edda537,form=form-payment
07e345f10e4e41c5a70432276cd44d25,31fbb355ad7e68f6ddd84b0438ee9c8b1756df7087f8f933d2209609d92322c1,loading=eager
07e345f10e4e41c5a70432276cd44d25,31fbb355ad7e68f6ddd84b0438ee9c8b1756df7087f8f933d2209609d92322c1,src=/images/img_logo_4.png
07e345f10e4e41c5a70432276cd44d25,31fbb355ad7e68f6ddd84b0438ee9c8b1756df7087f8f933d2209609d92322c1,width=205
08aa4ef3ff89454ba6372f7f3a7b4a7a,2f577b5c482d5b39bd6c5236a6f0af951d7ea7cd4a73ed399f7491d0cf1a2eea,class=disabled btn
08aa4ef3ff89454ba6372f7f3a7b4a7a,2f577b5c482d5b39bd6c5236a6f0af951d7ea7cd4a73ed399f7491d0cf1a2eea,data-section=testimonials
08aa4ef3ff89454ba6372f7f3a7b4a7a,2f577b5c482d5b39bd6c5236a6f0af951d7ea7cd4a73ed399f7491d0cf1a2eea,aria-hidden=false
08cf33f2d91846d591b4122bca4e3afc,f9076e8c93e770840a5cadbcf9e7e096800e424f2bc527e2cf6b3cedafa02477,width=157
08cf33f2d91846d591b4122bca4e3afc,f9076e8c93e770840a5cadbcf9e7e096800e424f2bc527e2cf6b3cedafa02477,alt=Company logo
090d76f3a3fc428387bee8c7ea58b65f,4f91e1800ed5713b61f321141db2089ef7512cbc6beb68d152d97242e3162d8c,style=margin: 11px; padding: 5rem;
090d76f3a3fc428387bee8c7ea58b65f,4f91e1800ed5713b61f321141db2089ef7512cbc6beb68d152d97242e3162d8c,class=primary active
0aeb62f5b7fa4584bfec953d6bc2757d,ab48d0fc094fd55d1dd5b623277616bfdd6cda3327436f2a08a19a56dd247c35,class=active disabled
0aeb62f5b7fa4584bfec953d6bc2757d,ab48d0fc094fd55d1dd5b623277616bfdd6cda3327436f2a08a19a56dd247c35,aria-hidden=true
0aeb62f5b7fa4584bfec953d6bc2757d,ab48d0fc094fd55d1dd5b623277616bfdd6cda3327436f2a08a19a56dd247c35,data-section=features
0bbde0f0da734ec5b61f43c655890eab,81d89299fdc38f7b01d46426c25aa8b875af5c236b8c98496f09df60e0d87f0f,required=
0bbde0f0da734ec5b61f43c655890eab,81d89299fdc38f7b01d46426c25aa8b875af5c236b8c98496f09df60e0d87f0f,style=margin: 16px; padding: 1rem;
0cd4cdfbe86a4973ab233c3445a6666e,87bf7058b0ea611d8425b13b1efca1129b152bb4cb7856b13bc22cbfdd42fc9d,class=large primary
0cd4cdfbe86a4973ab233c3445a6666e,87bf7058b0ea611d8425b13b1efca1129b152bb4cb7856b13bc22cbfdd42fc9d,data-section=testimonials
0cd4cdfbe86a4973ab233c3445a6666e,87bf7058b0ea611d8425b13b1efca1129b152bb4cb7856b13bc22cbfdd42fc9d,id=nav-8910
0d1616f9d3814901b130150c7c6af90e,6d9b5027376f482d7e8243fb6b460c35d5eb6d9b57acb4ec02e0222d0d880b76,translate=
0d1616f9d3814901b130150c7c6af90e,6d9b5027376f482d7e8243fb6b460c35d5eb6d9b57acb4ec02e0222d0d880b76,dir=rtl
0d5d4bf7748c4154921efab8981af04d,d978c21bb761deda6e2034860510bcdf0e729ccb1b63a252b64418f2b3910172,rel=nofollow noreferrer
0de337f89ef84b06a6325a2be101a75a,a2d0e539e8faebd8432af14a40971cede4c2169d1473feace956648a9eb5d96f,novalidate=
0de337f89ef84b06a6325a2be101a75a,a2d0e539e8faebd8432af14a40971cede4c2169d1473feace956648a9eb5d96f,target=_parent
0f1a84fed91f488c8ff96a035cdadc46,f9076e8c93e770840a5cadbcf9e7e096800e424f2bc527e2cf6b3cedafa02477,aria-hidden=true
0f1a84fed91f488c8ff96a035cdadc46,f9076e8c93e770840a5cadbcf9e7e096800e424f2bc527e2cf6b3cedafa02477,id=content-8721
103bb5f20fd44bcd813968ceb2603ea8,070008ef42c1abe36107ae1aa9808cc769a1f673694d23f739930f30ba78cf75,rel=noopener noreferrer
103bb5f20fd44bcd813968ceb2603ea8,070008ef42c1abe36107ae1aa9808cc769a1f673694d23f739930f30ba78cf75,hreflang=fr-FR
103bb5f20fd44bcd813968ceb2603ea8,070008ef42c1abe36107ae1aa9808cc769a1f673694d23f739930f30ba78cf75,download=
108054fd4d2143d681f8c622fc781273,db0d022a272b69720e1799664a05c45df4de7b85f2461d8d17ce10e712724ccf,class=btn disabled
108054fd4d2143d681f8c622fc781273,db0d022a272b69720e1799664a05c45df4de7b85f2461d8d17ce10e712724ccf,id=nav-5721
108054fd4d2143d681f8c622fc781273,db0d022a272b69720e1799664a05c45df4de7b85f2461d8d17ce10e712724ccf,translate=yes
11726bf6f0d84cedba29f0906c290c9c,1e23114f30859564fa935ac749bb790ad1a06acc0f9f8ec416c24760477d389e,placeholder=Search...
11726bf6f0d84cedba29f0906c290c9c,1e23114f30859564fa935ac749bb790ad1a06acc0f9f8ec416c24760477d389e,style=margin: 8px; padding: 8rem;
11726bf6f0d84cedba29f0906c290c9c,1e23114f30859564fa935ac749bb790ad1a06acc0f9f8ec416c24760477d389e,name=email_field
11ccb1f09987468c93362039659c5e80,ea509b94c584c2813cfd6c732c8124cf689cc4c2afb8e5ca7ad270f5a457021e,onclick=handleCancel_)
11ccb1f09987468c93362039659c5e80,ea509b94c584c2813cfd6c732c8124cf689cc4c2afb8e5ca7ad270f5a457021e,class=disabled primary
129adbfa46694885a35e7a7c2e551285,0f491149ae95d59e6ada1e71dbf8bbdfaf2057dcd22244bf48394b817bd504bf,download=document.docx
129adbfa46694885a35e7a7c2e551285,0f491149ae95d59e6ada1e71dbf8bbdfaf2057dcd22244bf48394b817bd504bf,href=/about
12a33bf25d1c4fbdb19e14c2a53da403,194c816b320e37623211e4bc97298d52a8fc7b2f3c519300d5417344f1dcb079,data-section=features
12a33bf25d1c4fbdb19e14c2a53da403,194c816b320e37623211e4bc97298d52a8fc7b2f3c519300d5417344f1dcb079,class=active large
12a33bf25d1c4fbdb19e14c2a53da403,194c816b320e37623211e4bc97298d52a8fc7b2f3c519300d5417344f1dcb079,aria-hidden=true
13c9c9ff488a4885ab1468d6ba05c270,09e9fc3cd956ec93874200929558c90f27db93e91e85061a4974b6a03edda537,dir=ltr
13c9c9ff488a4885ab1468d6ba05c270,09e9fc3cd956ec93874200929558c90f27db93e91e85061a4974b6a03edda537,translate=no
13c9c9ff488a4885ab1468d6ba05c270,09e9fc3cd956ec93874200929558c90f27db93e91e85061a4974b6a03edda537,id=main-4837
14e459f758b64625ada9a051f6d8fcf6,d2c0cc581433237b3ad80ce33a4dd7c7e3794988c8da8a26413c3cd283c39849,translate=yes
14e459f758b64625ada9a051f6d8fcf6,d2c0cc581433237b3ad80ce33a4dd7c7e3794988c8da8a26413c3cd283c39849,lang=de
14e459f758b64625ada9a051f6d8fcf6,d2c0cc581433237b3ad80ce33a4dd7c7e3794988c8da8a26413c3cd283c39849,id=main-3257
1827c4fd998f4d35a21ad4fb18ed5891,68ca2ff27d35cbb80f23d793ccebbc8bd41d9a56861a99180b41e6189d70905f,target=_top
18ecfdf89c074eeab84b8bbb7ee0921c,bfe06323c194fb42b4aff9d0545e4767ee45dd1136effbd3c62fdc97a684ff1c,download=document.docx
18ecfdf89c074eeab84b8bbb7ee0921c,bfe06323c194fb42b4aff9d0545e4767ee45dd1136effbd3c62fdc97a684ff1c,target=_parent
18ecfdf89c074eeab84b8bbb7ee0921c,bfe06323c194fb42b4aff9d0545e4767ee45dd1136effbd3c62fdc97a684ff1c,href=/about
1b189af21cf04a7d8d359b8049656097,eab7dd582bff3bb53aff1f2727c8d0e90d4612d607eb25cad0c867fd3f239d2a,class=primary disabled
1b189af21cf04a7d8d359b8049656097,eab7dd582bff3bb53aff1f2727c8d0e90d4612d607eb25cad0c867fd3f239d2a,id=nav-4936
1b189af21cf04a7d8d359b8049656097,eab7dd582bff3bb53aff1f2727c8d0e90d4612d607eb25cad0c867fd3f239d2a,lang=de
1b2d79f7ca954044ae82049accb202b3,194c816b320e37623211e4bc97298d52a8fc7b2f3c519300d5417344f1dcb079,data-section=testimonials
1b4e4df9259f4c619ee8745e50ab07e2,2edfeb28707374a80b0371e0e217534776aeab113c81146eea7215fc051cb5f2,src=/images/img_icon_10.png
1b4e4df9259f4c619ee8745e50ab07e2,2edfeb28707374a80b0371e0e217534776aeab113c81146eea7215fc051cb5f2,alt=Product thumbnail
1c0f62f4c42044848c43ff350e1bba53,1ac2b03e22df6f07376b193fc0e66980a07f6b39541224adae3ea219841f0fb1,loading=lazy
1c0f62f4c42044848c43ff350e1bba53,1ac2b03e22df6f07376b193fc0e66980a07f6b39541224adae3ea219841f0fb1,height=180
1c0f62f4c42044848c43ff350e1bba53,1ac2b03e22df6f07376b193fc0e66980a07f6b39541224adae3ea219841f0fb1,alt=Product thumbnail
1c8caaf9290643269b34cc1e46efe584,05157bf78fcc164f12b663ad20d3363e79a1ecb11b1171345b4da1248f399edd,data-section=cta
1c8caaf9290643269b34cc1e46efe584,05157bf78fcc164f12b663ad20d3363e79a1ecb11b1171345b4da1248f399edd,id=main-6416
1cf4d5f626d0445da9d7492aab84b9d3,87bf7058b0ea611d8425b13b1efca1129b152bb4cb7856b13bc22cbfdd42fc9d,type=text
1cf4d5f626d0445da9d7492aab84b9d3,87bf7058b0ea611d8425b13b1efca1129b152bb4cb7856b13bc22cbfdd42fc9d,required=required
1cf4d5f626d0445da9d7492aab84b9d3,87bf7058b0ea611d8425b13b1efca1129b152bb4cb7856b13bc22cbfdd42fc9d,name=user_field
1dcbeff62ae74a6d9cb5a2cf42475c2a,68ca2ff27d35cbb80f23d793ccebbc8bd41d9a56861a99180b41e6189d70905f,id=content-5507
1dcbeff62ae74a6d9cb5a2cf42475c2a,68ca2ff27d35cbb80f23d793ccebbc8bd41d9a56861a99180b41e6189d70905f,aria-hidden=true
1dcbeff62ae74a6d9cb5a2cf42475c2a,68ca2ff27d35cbb80f23d793ccebbc8bd41d9a56861a99180b41e6189d70905f,data-section=testimonials
1e7c6efd4628415692d8e6a7e43051b1,d2c0cc581433237b3ad80ce33a4dd7c7e3794988c8da8a26413c3cd283c39849,title=Information
1e7c6efd4628415692d8e6a7e43051b1,d2c0cc581433237b3ad80ce33a4dd7c7e3794988c8da8a26413c3cd283c39849,itemprop=price
1e7c6efd4628415692d8e6a7e43051b1,d2c0cc581433237b3ad80ce33a4dd7c7e3794988c8da8a26413c3cd283c39849,id=main-3974
1e91faff91974089a491295cc3f1d272,aa82211395b1980ae9972b75e32c21d8777549e965d02929912baf116d6c9358,hreflang=fr-FR
1e91faff91974089a491295cc3f1d272,aa82211395b1980ae9972b75e32c21d8777549e965d02929912baf116d6c9358,download=filename.pdf
1e91faff91974089a491295cc3f1d272,aa82211395b1980ae9972b75e32c21d8777549e965d02929912baf116d6c9358,rel=noreferrer
1fbcf3f3558d4ce5b56f4f745f712b8c,1e23114f30859564fa935ac749bb790ad1a06acc0f9f8ec416c24760477d389e,data-section=cta
20a1e9f978e24366b234421cf09308bf,c5218d261a095972718a74f31a278c26aa44a490e3bb9e7afc527474ec93ecab,id=nav-6464
20a1e9f978e24366b234421cf09308bf,c5218d261a095972718a74f31a278c26aa44a490e3bb9e7afc527474ec93ecab,form=form-login
20a1e9f978e24366b234421cf09308bf,c5218d261a095972718a74f31a278c26aa44a490e3bb9e7afc527474ec93ecab,class=disabled large
20d984f582884739bf8bb441513b1fd3,77e96e6578776221f909428797758852278b3d0aa8e009583fd6c1e65023e42c,download=
20d984f582884739bf8bb441513b1fd3,77e96e6578776221f909428797758852278b3d0aa8e009583fd6c1e65023e42c,hreflang=es-ES
20d984f582884739bf8bb441513b1fd3,77e96e6578776221f909428797758852278b3d0aa8e009583fd6c1e65023e42c,rel=noreferrer nofollow
22741af631b64fb8b06458478e4e2ec5,77e96e6578776221f909428797758852278b3d0aa8e009583fd6c1e65023e42c,class=disabled active
22741af631b64fb8b06458478e4e2ec5,77e96e6578776221f909428797758852278b3d0aa8e009583fd6c1e65023e42c,id=nav-8388
24172af2313c4ac6a3e74ea16258dfe3,0f491149ae95d59e6ada1e71dbf8bbdfaf2057dcd22244bf48394b817bd504bf,class=large btn
24172af2313c4ac6a3e74ea16258dfe3,0f491149ae95d59e6ada1e71dbf8bbdfaf2057dcd22244bf48394b817bd504bf,id=main-2732
247b49fe681e4b4a954b40900b303dd7,a2d0e539e8faebd8432af14a40971cede4c2169d1473feace956648a9eb5d96f,id=main-9838
24e587fe26e14ddf96f044e1a246bff6,ea509b94c584c2813cfd6c732c8124cf689cc4c2afb8e5ca7ad270f5a457021e,onclick=handleSubmit_)
24e587fe26e14ddf96f044e1a246bff6,ea509b94c584c2813cfd6c732c8124cf689cc4c2afb8e5ca7ad270f5a457021e,class=active btn
25fecef6582c43c38c0031d9b7afd307,ea509b94c584c2813cfd6c732c8124cf689cc4c2afb8e5ca7ad270f5a457021e,class=disabled large
25fecef6582c43c38c0031d9b7afd307,ea509b94c584c2813cfd6c732c8124cf689cc4c2afb8e5ca7ad270f5a457021e,id=nav-1058
26ba05f88e4d4f8a922ef9ce414e0d90,71979c80142b1139e988579101522c349a07b28ee2412d5b6383f10f4e2c535e,id=nav-5623
270376f4fd014a418c16b3d3202a4e1b,a2d0e539e8faebd8432af14a40971cede4c2169d1473feace956648a9eb5d96f,id=main-5105
271b2afd8ebb4e009ba4aa3f3272e78b,87bf7058b0ea611d8425b13b1efca1129b152bb4cb7856b13bc22cbfdd42fc9d,target=_parent
271b2afd8ebb4e009ba4aa3f3272e78b,87bf7058b0ea611d8425b13b1efca1129b152bb4cb7856b13bc22cbfdd42fc9d,enctype=multipart/form-data
271b2afd8ebb4e009ba4aa3f3272e78b,87bf7058b0ea611d8425b13b1efca1129b152bb4cb7856b13bc22cbfdd42fc9d,method=post
2731d2f2a96f46dd927570a813728781,2376de39f9d16f2eda331165151dfe8f2281caf0a446d6c63a26565ecf8fc45d,target=_top
2731d2f2a96f46dd927570a813728781,2376de39f9d16f2eda331165151dfe8f2281caf0a446d6c63a26565ecf8fc45d,rel=noopener
2731d2f2a96f46dd927570a813728781,2376de39f9d16f2eda331165151dfe8f2281caf0a446d6c63a26565ecf8fc45d,href=/contact
27dee8ff0bc0497f846a8f57f119b60f,bfe06323c194fb42b4aff9d0545e4767ee45dd1136effbd3c62fdc97a684ff1c,src=/images/img_icon_5.png
298a8dfcb96441af882e0a44e6c1e61a,1f0ed76b6aab66bc939c6af89c14d1c4d8b59f419c484d2900b34e7eff12bb37,id=content-8322
298a8dfcb96441af882e0a44e6c1e61a,1f0ed76b6aab66bc939c6af89c14d1c4d8b59f419c484d2900b34e7eff12bb37,class=disabled btn
298a8dfcb96441af882e0a44e6c1e61a,1f0ed76b6aab66bc939c6af89c14d1c4d8b59f419c484d2900b34e7eff12bb37,onclick=handleCancel_)
2a77ecfac43b4c96a731206ad69ecf0b,194c816b320e37623211e4bc97298d52a8fc7b2f3c519300d5417344f1dcb079,id=content-8624
2c8b53f7f117410ab4bae43037efdbc0,1f0ed76b6aab66bc939c6af89c14d1c4d8b59f419c484d2900b34e7eff12bb37,style=margin: 15px; padding: 4rem;
2c8b53f7f117410ab4bae43037efdbc0,1f0ed76b6aab66bc939c6af89c14d1c4d8b59f419c484d2900b34e7eff12bb37,class=active primary
2d0266faffc148539af5a1f9e9c23d0c,77e96e6578776221f909428797758852278b3d0aa8e009583fd6c1e65023e42c,target=_top
2d0266faffc148539af5a1f9e9c23d0c,77e96e6578776221f909428797758852278b3d0aa8e009583fd6c1e65023e42c,action=/api/login
2d0266faffc148539af5a1f9e9c23d0c,77e96e6578776221f909428797758852278b3d0aa8e009583fd6c1e65023e42c,novalidate=
2e42a3fd93b54e09b6e1fec3b34a2c01,2f577b5c482d5b39bd6c5236a6f0af951d7ea7cd4a73ed399f7491d0cf1a2eea,src=/images/img_icon_5.png
2e42a3fd93b54e09b6e1fec3b34a2c01,2f577b5c482d5b39bd6c5236a6f0af951d7ea7cd4a73ed399f7491d0cf1a2eea,alt=Company logo
2f8702f4c7c74659a69a3543393042d0,ea509b94c584c2813cfd6c732c8124cf689cc4c2afb8e5ca7ad270f5a457021e,novalidate=novalidate
2f8702f4c7c74659a69a3543393042d0,ea509b94c584c2813cfd6c732c8124cf689cc4c2afb8e5ca7ad270f5a457021e,action=/contact-form
2ffa9df565644b4798454491035cacbf,2376de39f9d16f2eda331165151dfe8f2281caf0a446d6c63a26565ecf8fc45d,lang=es
2ffa9df565644b4798454491035cacbf,2376de39f9d16f2eda331165151dfe8f2281caf0a446d6c63a26565ecf8fc45d,dir=auto
2ffa9df565644b4798454491035cacbf,2376de39f9d16f2eda331165151dfe8f2281caf0a446d6c63a26565ecf8fc45d,class=btn disabled
309d54f7e054463e9167aa12d3eef1e4,87bf7058b0ea611d8425b13b1efca1129b152bb4cb7856b13bc22cbfdd42fc9d,disabled=false
309d54f7e054463e9167aa12d3eef1e4,87bf7058b0ea611d8425b13b1efca1129b152bb4cb7856b13bc22cbfdd42fc9d,id=main-9053
309d54f7e054463e9167aa12d3eef1e4,87bf7058b0ea611d8425b13b1efca1129b152bb4cb7856b13bc22cbfdd42fc9d,class=btn disabled
31ef19f9878846de80dbe0e4e0c929db,070008ef42c1abe36107ae1aa9808cc769a1f673694d23f739930f30ba78cf75,aria-hidden=true
3225f3fd4f8f44999abb7d0340004379,eab7dd582bff3bb53aff1f2727c8d0e90d4612d607eb25cad0c867fd3f239d2a,title=Help message
3225f3fd4f8f44999abb7d0340004379,eab7dd582bff3bb53aff1f2727c8d0e90d4612d607eb25cad0c867fd3f239d2a,id=nav-2421
3225f3fd4f8f44999abb7d0340004379,eab7dd582bff3bb53aff1f2727c8d0e90d4612d607eb25cad0c867fd3f239d2a,data-value=29
325ac6f5b486411881377cf6afeffc1a,ea509b94c584c2813cfd6c732c8124cf689cc4c2afb8e5ca7ad270f5a457021e,aria-hidden=false
32f68ff8114b4f2c895ad576bae596ca,db0d022a272b69720e1799664a05c45df4de7b85f2461d8d17ce10e712724ccf,id=content-6386
3355a4f24b174229ac3e4bb218003fbf,db0d022a272b69720e1799664a05c45df4de7b85f2461d8d17ce10e712724ccf,download=filename.pdf
3448fafa7b51475781b431df06574933,db0d022a272b69720e1799664a05c45df4de7b85f2461d8d17ce10e712724ccf,style=margin: 15px; padding: 8rem;
3448fafa7b51475781b431df06574933,db0d022a272b69720e1799664a05c45df4de7b85f2461d8d17ce10e712724ccf,data-analytics=click:header
344fd7fe2f35414483818fdcf4300a27,194c816b320e37623211e4bc97298d52a8fc7b2f3c519300d5417344f1dcb079,aria-hidden=false
34a421f4c4724c89b22f291665defbc5,f9076e8c93e770840a5cadbcf9e7e096800e424f2bc527e2cf6b3cedafa02477,class=active disabled
359beffa68a94502916c814a8034ae58,71979c80142b1139e988579101522c349a07b28ee2412d5b6383f10f4e2c535e,id=nav-3639
365d32fd99f94b4b82439535b45ae2ce,6d61f892b3e38198fa23f3ede20d0838e52466174928eceee46c8716ac26a2ec,id=content-6066
365d32fd99f94b4b82439535b45ae2ce,6d61f892b3e38198fa23f3ede20d0838e52466174928eceee46c8716ac26a2ec,data-section=cta
366747f741484559b26cab64d526edca,d978c21bb761deda6e2034860510bcdf0e729ccb1b63a252b64418f2b3910172,id=nav-8806
36b1c9fa4f014260ba083a7b3b628389,aa82211395b1980ae9972b75e32c21d8777549e965d02929912baf116d6c9358,name=q_field
36b1c9fa4f014260ba083a7b3b628389,aa82211395b1980ae9972b75e32c21d8777549e965d02929912baf116d6c9358,required=
36e209ff4518429498097dd59b6c66cb,bfe06323c194fb42b4aff9d0545e4767ee45dd1136effbd3c62fdc97a684ff1c,data-section=features
36e209ff4518429498097dd59b6c66cb,bfe06323c194fb42b4aff9d0545e4767ee45dd1136effbd3c62fdc97a684ff1c,aria-hidden=true
36e209ff4518429498097dd59b6c66cb,bfe06323c194fb42b4aff9d0545e4767ee45dd1136effbd3c62fdc97a684ff1c,id=nav-8064
37e1c7fc90804e40911afcf13c50ed38,ea509b94c584c2813cfd6c732c8124cf689cc4c2afb8e5ca7ad270f5a457021e,href=#
37e1c7fc90804e40911afcf13c50ed38,ea509b94c584c2813cfd6c732c8124cf689cc4c2afb8e5ca7ad270f5a457021e,download=filename.pdf
384819f09fba4c0980e812d42e0a5760,d9ba1247da3c2c5c59d97d3378facc453c0eaf1d6049684d90e4c16d804541bf,download=filename.pdf
384819f09fba4c0980e812d42e0a5760,d9ba1247da3c2c5c59d97d3378facc453c0eaf1d6049684d90e4c16d804541bf,target=_self
38f065fa99bd41df8c624f41add754a2,6d9b5027376f482d7e8243fb6b460c35d5eb6d9b57acb4ec02e0222d0d880b76,id=content-2812
38f065fa99bd41df8c624f41add754a2,6d9b5027376f482d7e8243fb6b460c35d5eb6d9b57acb4ec02e0222d0d880b76,disabled=true
3a24eeffcaf44970b0551097262b64ef,f9076e8c93e770840a5cadbcf9e7e096800e424f2bc527e2cf6b3cedafa02477,style=margin: 0px; padding: 1rem;
3a4bcdf23d544b8d923b7a7b5e5ddbd8,7ceb48a68eb341d2bd1540bb98f4590e73c6b55aab9d86f8d99a6deef11089d8,data-analytics=scroll:main
3a4bcdf23d544b8d923b7a7b5e5ddbd8,7ceb48a68eb341d2bd1540bb98f4590e73c6b55aab9d86f8d99a6deef11089d8,id=content-4249
3b155bf265b7411793a93ed2688cb92f,1ac2b03e22df6f07376b193fc0e66980a07f6b39541224adae3ea219841f0fb1,width=293
3b7688f686ab478ca2c2e2e79d8e8fac,2f577b5c482d5b39bd6c5236a6f0af951d7ea7cd4a73ed399f7491d0cf1a2eea,itemprop=author
3b7688f686ab478ca2c2e2e79d8e8fac,2f577b5c482d5b39bd6c5236a6f0af951d7ea7cd4a73ed399f7491d0cf1a2eea,id=content-9968
3db20bfe601d43ffae9975b586bec04e,6d9b5027376f482d7e8243fb6b460c35d5eb6d9b57acb4ec02e0222d0d880b76,form=form-payment
3e407bf8a6e5407aaecbe80d98630d3d,a2d0e539e8faebd8432af14a40971cede4c2169d1473feace956648a9eb5d96f,loading=eager
3e7565f70cdb48cdb8f47b92b0b71f35,31fbb355ad7e68f6ddd84b0438ee9c8b1756df7087f8f933d2209609d92322c1,target=_blank
3e7565f70cdb48cdb8f47b92b0b71f35,31fbb355ad7e68f6ddd84b0438ee9c8b1756df7087f8f933d2209609d92322c1,href=https://example.com/page1
3e7565f70cdb48cdb8f47b92b0b71f35,31fbb355ad7e68f6ddd84b0438ee9c8b1756df7087f8f933d2209609d92322c1,download=document.docx
3ee444f81e794d71be818723f98fb05a,71979c80142b1139e988579101522c349a07b28ee2412d5b6383f10f4e2c535e,id=main-5497
3ee444f81e794d71be818723f98fb05a,71979c80142b1139e988579101522c349a07b28ee2412d5b6383f10f4e2c535e,lang=fr
3ee444f81e794d71be818723f98fb05a,71979c80142b1139e988579101522c349a07b28ee2412d5b6383f10f4e2c535e,translate=yes
3fb6a5f0d0b6480380ca1b3755b4b4b9,e6adc1c046c3a313d48c527142c807c6b8ae9988382331dff8d42a6dcc4f6448,type=password
41d3dbfaafb847f0b52c3159c136aaf3,1e23114f30859564fa935ac749bb790ad1a06acc0f9f8ec416c24760477d389e,src=/images/img_banner_9.png
42cdbdfc8c8a40a085309e1d65fd974b,87bf7058b0ea611d8425b13b1efca1129b152bb4cb7856b13bc22cbfdd42fc9d,data-section=testimonials
434b60fde069487fb31bacaf47a6e888,6d9b5027376f482d7e8243fb6b460c35d5eb6d9b57acb4ec02e0222d0d880b76,id=main-2727
435d17f6103d4b2895e8a39e05f03976,e6adc1c046c3a313d48c527142c807c6b8ae9988382331dff8d42a6dcc4f6448,id=content-7936
435d17f6103d4b2895e8a39e05f03976,e6adc1c046c3a313d48c527142c807c6b8ae9988382331dff8d42a6dcc4f6448,lang=fr
435d17f6103d4b2895e8a39e05f03976,e6adc1c046c3a313d48c527142c807c6b8ae9988382331dff8d42a6dcc4f6448,translate=
443424fbca9e4fdb9f12a5ba2ab4e836,87bf7058b0ea611d8425b13b1efca1129b152bb4cb7856b13bc22cbfdd42fc9d,loading=eager
443424fbca9e4fdb9f12a5ba2ab4e836,87bf7058b0ea611d8425b13b1efca1129b152bb4cb7856b13bc22cbfdd42fc9d,width=82
443424fbca9e4fdb9f12a5ba2ab4e836,87bf7058b0ea611d8425b13b1efca1129b152bb4cb7856b13bc22cbfdd42fc9d,height=103
4501b6f1bc3c4bcab8952664864e9fa9,aa82211395b1980ae9972b75e32c21d8777549e965d02929912baf116d6c9358,aria-label=Close menu
458f73f9814f4aac96633caa0253380d,71979c80142b1139e988579101522c349a07b28ee2412d5b6383f10f4e2c535e,aria-hidden=false
458f73f9814f4aac96633caa0253380d,71979c80142b1139e988579101522c349a07b28ee2412d5b6383f10f4e2c535e,data-section=features
45c6d4fb65cc47bfb9e91a7a6b4b5a03,31fbb355ad7e68f6ddd84b0438ee9c8b1756df7087f8f933d2209609d92322c1,id=content-6564
