01073faa-4318-4316-91c5-96237635231d,2024-03-01 14:48:19
1af81360-1632-40a6-a5fd-5c6de537fe39,2024-03-01 15:21:40
f35f0921-a0f0-48d4-9f18-a392ca3684b0,2024-03-01 15:34:30
857dbce3-c4b9-44e6-a3fb-d9e7a42f55d9,2024-03-01 16:15:00
9e142c8d-3e9d-4b34-bf3e-44374d2a9b26,2024-03-01 13:46:15
058f86a9-4016-49e0-9b95-6be16cf60e0b,2024-03-01 14:23:25
1a8bdec2-a200-4d79-9091-8f950d528359,2024-03-01 16:51:21
812a9c1f-a662-46f8-a2cc-9e82b776aeab,2024-03-01 16:34:12
b792f134-661e-4bb3-8a04-f62e8559526f,2024-03-01 13:36:15
8bdbc653-6ae5-4561-be6f-b8e8191e3059,2024-03-01 12:45:54
857dbce3-c4b9-44e6-a3fb-d9e7a42f55d9,2024-03-01 16:21:15
01073faa-4318-4316-91c5-96237635231d,2024-03-01 14:49:59
f35f0921-a0f0-48d4-9f18-a392ca3684b0,2024-03-01 15:39:30
01073faa-4318-4316-91c5-96237635231d,2024-03-01 14:47:13
1c53befb-69ae-458e-891d-5c28752a0d1f,2024-03-01 14:01:34
363304b5-c0b2-4895-9171-e86f82ce40a8,2024-03-01 13:03:20
058f86a9-4016-49e0-9b95-6be16cf60e0b,2024-03-01 14:19:44
1c53befb-69ae-458e-891d-5c28752a0d1f,2024-03-01 14:01:03
997e258b-b4fb-4d75-938b-d5cc3685c4ce,2024-03-01 13:21:00
01073faa-4318-4316-91c5-96237635231d,2024-03-01 14:51:39
58bf955b-dc96-4977-9169-2ef3e61241fe,2024-03-01 12:18:20
b5f37185-02f6-4df8-9ab7-6131142996e6,2024-03-01 12:37:30
997e258b-b4fb-4d75-938b-d5cc3685c4ce,2024-03-01 13:20:00
1c53befb-69ae-458e-891d-5c28752a0d1f,2024-03-01 14:02:37
857dbce3-c4b9-44e6-a3fb-d9e7a42f55d9,2024-03-01 16:21:52
1a8bdec2-a200-4d79-9091-8f950d528359,2024-03-01 16:47:43
363304b5-c0b2-4895-9171-e86f82ce40a8,2024-03-01 13:07:20
363304b5-c0b2-4895-9171-e86f82ce40a8,2024-03-01 13:04:00
b1caaf63-ed91-4ef1-ab05-3afeebaa3518,2024-03-01 17:06:30
363304b5-c0b2-4895-9171-e86f82ce40a8,2024-03-01 13:09:20
1a8bdec2-a200-4d79-9091-8f950d528359,2024-03-01 16:53:10
27d7803a-7a49-4bac-bca1-27a1758d4486,2024-03-01 14:30:00
b1caaf63-ed91-4ef1-ab05-3afeebaa3518,2024-03-01 17:04:30
857dbce3-c4b9-44e6-a3fb-d9e7a42f55d9,2024-03-01 16:24:22
5d3ebf9c-d425-4123-a4cd-1f8745201186,2024-03-01 16:02:13
61ad4a9b-3330-40e9-9532-bbd7fc1dd0a7,2024-03-01 15:00:00
058f86a9-4016-49e0-9b95-6be16cf60e0b,2024-03-01 14:16:34
9e142c8d-3e9d-4b34-bf3e-44374d2a9b26,2024-03-01 13:51:52
812a9c1f-a662-46f8-a2cc-9e82b776aeab,2024-03-01 16:37:22
27d7803a-7a49-4bac-bca1-27a1758d4486,2024-03-01 14:37:41
b1caaf63-ed91-4ef1-ab05-3afeebaa3518,2024-03-01 17:06:00
b5f37185-02f6-4df8-9ab7-6131142996e6,2024-03-01 12:30:00
9e142c8d-3e9d-4b34-bf3e-44374d2a9b26,2024-03-01 13:48:07
f35f0921-a0f0-48d4-9f18-a392ca3684b0,2024-03-01 15:34:00
812a9c1f-a662-46f8-a2cc-9e82b776aeab,2024-03-01 16:31:03
71824811-0b8a-4f7e-9cdc-52f71d026de6,2024-03-01 15:47:30
b5f37185-02f6-4df8-9ab7-6131142996e6,2024-03-01 12:33:45
01073faa-4318-4316-91c5-96237635231d,2024-03-01 14:46:06
857dbce3-c4b9-44e6-a3fb-d9e7a42f55d9,2024-03-01 16:16:52
b792f134-661e-4bb3-8a04-f62e8559526f,2024-03-01 13:30:00
058f86a9-4016-49e0-9b95-6be16cf60e0b,2024-03-01 14:20:47
58bf955b-dc96-4977-9169-2ef3e61241fe,2024-03-01 12:20:33
f35f0921-a0f0-48d4-9f18-a392ca3684b0,2024-03-01 15:36:00
1a8bdec2-a200-4d79-9091-8f950d528359,2024-03-01 16:46:49
f35f0921-a0f0-48d4-9f18-a392ca3684b0,2024-03-01 15:38:30
5d3ebf9c-d425-4123-a4cd-1f8745201186,2024-03-01 16:04:26
058f86a9-4016-49e0-9b95-6be16cf60e0b,2024-03-01 14:20:15
812a9c1f-a662-46f8-a2cc-9e82b776aeab,2024-03-01 16:33:41
01073faa-4318-4316-91c5-96237635231d,2024-03-01 14:50:33
61ad4a9b-3330-40e9-9532-bbd7fc1dd0a7,2024-03-01 15:08:00
058f86a9-4016-49e0-9b95-6be16cf60e0b,2024-03-01 14:16:03
01073faa-4318-4316-91c5-96237635231d,2024-03-01 14:49:26
01073faa-4318-4316-91c5-96237635231d,2024-03-01 14:54:26
01073faa-4318-4316-91c5-96237635231d,2024-03-01 14:45:33
812a9c1f-a662-46f8-a2cc-9e82b776aeab,2024-03-01 16:36:50
1a8bdec2-a200-4d79-9091-8f950d528359,2024-03-01 16:50:27
058f86a9-4016-49e0-9b95-6be16cf60e0b,2024-03-01 14:19:12
1c53befb-69ae-458e-891d-5c28752a0d1f,2024-03-01 14:03:41
b5f37185-02f6-4df8-9ab7-6131142996e6,2024-03-01 12:31:15
01073faa-4318-4316-91c5-96237635231d,2024-03-01 14:53:19
61ad4a9b-3330-40e9-9532-bbd7fc1dd0a7,2024-03-01 15:01:20
58bf955b-dc96-4977-9169-2ef3e61241fe,2024-03-01 12:17:13
363304b5-c0b2-4895-9171-e86f82ce40a8,2024-03-01 13:06:40
9e142c8d-3e9d-4b34-bf3e-44374d2a9b26,2024-03-01 13:53:07
58bf955b-dc96-4977-9169-2ef3e61241fe,2024-03-01 12:19:26
997e258b-b4fb-4d75-938b-d5cc3685c4ce,2024-03-01 13:15:00
f35f0921-a0f0-48d4-9f18-a392ca3684b0,2024-03-01 15:35:30
1c53befb-69ae-458e-891d-5c28752a0d1f,2024-03-01 14:08:25
b792f134-661e-4bb3-8a04-f62e8559526f,2024-03-01 13:37:30
1c53befb-69ae-458e-891d-5c28752a0d1f,2024-03-01 14:00:00
f35f0921-a0f0-48d4-9f18-a392ca3684b0,2024-03-01 15:32:00
5d3ebf9c-d425-4123-a4cd-1f8745201186,2024-03-01 16:03:20