01073faa-4318-4316-91c5-96237635231d,2024-03-01 14:45:59,a98fadf1ea0040ae9298787ed3c974d4,81d89299fdc38f7b01d46426c25aa8b875af5c236b8c98496f09df60e0d87f0f
01073faa-4318-4316-91c5-96237635231d,2024-03-01 14:46:55,837e4ff0a08e459da38ef8245099e5a3,6d9b5027376f482d7e8243fb6b460c35d5eb6d9b57acb4ec02e0222d0d880b76
058f86a9-4016-49e0-9b95-6be16cf60e0b,2024-03-01 14:17:53,5745fbf1c0ae47029e028d873fc3cda5,6d61f892b3e38198fa23f3ede20d0838e52466174928eceee46c8716ac26a2ec
058f86a9-4016-49e0-9b95-6be16cf60e0b,2024-03-01 14:18:43,36b1c9fa4f014260ba083a7b3b628389,aa82211395b1980ae9972b75e32c21d8777549e965d02929912baf116d6c9358
058f86a9-4016-49e0-9b95-6be16cf60e0b,2024-03-01 14:21:03,9ca45efe0464449c915cadff06b5fd78,87bf7058b0ea611d8425b13b1efca1129b152bb4cb7856b13bc22cbfdd42fc9d
058f86a9-4016-49e0-9b95-6be16cf60e0b,2024-03-01 14:21:22,1cf4d5f626d0445da9d7492aab84b9d3,87bf7058b0ea611d8425b13b1efca1129b152bb4cb7856b13bc22cbfdd42fc9d
1a8bdec2-a200-4d79-9091-8f950d528359,2024-03-01 16:45:35,76ef5cf0a22c418d9e438517d02b6379,7ceb48a68eb341d2bd1540bb98f4590e73c6b55aab9d86f8d99a6deef11089d8
1a8bdec2-a200-4d79-9091-8f950d528359,2024-03-01 16:51:15,0bbde0f0da734ec5b61f43c655890eab,81d89299fdc38f7b01d46426c25aa8b875af5c236b8c98496f09df60e0d87f0f
1af81360-1632-40a6-a5fd-5c6de537fe39,2024-03-01 15:15:40,3fb6a5f0d0b6480380ca1b3755b4b4b9,e6adc1c046c3a313d48c527142c807c6b8ae9988382331dff8d42a6dcc4f6448
1af81360-1632-40a6-a5fd-5c6de537fe39,2024-03-01 15:19:37,af9bd2f120e14b72b23e7317bc343dd6,db0d022a272b69720e1799664a05c45df4de7b85f2461d8d17ce10e712724ccf
1af81360-1632-40a6-a5fd-5c6de537fe39,2024-03-01 15:21:12,6e7e43fb012842e8b1c3883433d83900,09e9fc3cd956ec93874200929558c90f27db93e91e85061a4974b6a03edda537
1af81360-1632-40a6-a5fd-5c6de537fe39,2024-03-01 15:22:12,1dcbeff62ae74a6d9cb5a2cf42475c2a,68ca2ff27d35cbb80f23d793ccebbc8bd41d9a56861a99180b41e6189d70905f
1c53befb-69ae-458e-891d-5c28752a0d1f,2024-03-01 14:00:29,704677fa01364cce9b5087a41f09b7cb,09e9fc3cd956ec93874200929558c90f27db93e91e85061a4974b6a03edda537
1c53befb-69ae-458e-891d-5c28752a0d1f,2024-03-01 14:00:36,eeee53f35ccf4c809431bd1b5c2b4229,2f577b5c482d5b39bd6c5236a6f0af951d7ea7cd4a73ed399f7491d0cf1a2eea
1c53befb-69ae-458e-891d-5c28752a0d1f,2024-03-01 14:03:32,ef6598f088d04c84805727bbd4224e2c,09e9fc3cd956ec93874200929558c90f27db93e91e85061a4974b6a03edda537
1c53befb-69ae-458e-891d-5c28752a0d1f,2024-03-01 14:04:31,5cb4c2f7598e4d69adc9cbb0e13996e0,44c5dc7973503e129bb0ca475b531371adb304bafa3274cfa325e8c75eb32ff1
1c53befb-69ae-458e-891d-5c28752a0d1f,2024-03-01 14:04:45,d52d28f502c7486980b5da6acf1d933f,7ceb48a68eb341d2bd1540bb98f4590e73c6b55aab9d86f8d99a6deef11089d8
27d7803a-7a49-4bac-bca1-27a1758d4486,2024-03-01 14:30:58,03c9d8fbdd29491490a0a24261bc26f8,2376de39f9d16f2eda331165151dfe8f2281caf0a446d6c63a26565ecf8fc45d
27d7803a-7a49-4bac-bca1-27a1758d4486,2024-03-01 14:33:05,c1a56dfdcc784fe3b2b9d27a01bcd4b2,6d61f892b3e38198fa23f3ede20d0838e52466174928eceee46c8716ac26a2ec
363304b5-c0b2-4895-9171-e86f82ce40a8,2024-03-01 13:00:32,78a9c5f695794bee800bdcb95b59653f,7ceb48a68eb341d2bd1540bb98f4590e73c6b55aab9d86f8d99a6deef11089d8
363304b5-c0b2-4895-9171-e86f82ce40a8,2024-03-01 13:01:32,108054fd4d2143d681f8c622fc781273,db0d022a272b69720e1799664a05c45df4de7b85f2461d8d17ce10e712724ccf
363304b5-c0b2-4895-9171-e86f82ce40a8,2024-03-01 13:02:43,70c064f2bb1f4f2d99f47c3e4d28afbc,a2d0e539e8faebd8432af14a40971cede4c2169d1473feace956648a9eb5d96f
363304b5-c0b2-4895-9171-e86f82ce40a8,2024-03-01 13:03:36,07e345f10e4e41c5a70432276cd44d25,31fbb355ad7e68f6ddd84b0438ee9c8b1756df7087f8f933d2209609d92322c1
363304b5-c0b2-4895-9171-e86f82ce40a8,2024-03-01 13:04:15,c1a56dfdcc784fe3b2b9d27a01bcd4b2,6d61f892b3e38198fa23f3ede20d0838e52466174928eceee46c8716ac26a2ec
58bf955b-dc96-4977-9169-2ef3e61241fe,2024-03-01 12:17:22,d4ea90fec7274f47b94f099c0a7d387d,d978c21bb761deda6e2034860510bcdf0e729ccb1b63a252b64418f2b3910172
58bf955b-dc96-4977-9169-2ef3e61241fe,2024-03-01 12:18:10,5745fbf1c0ae47029e028d873fc3cda5,6d61f892b3e38198fa23f3ede20d0838e52466174928eceee46c8716ac26a2ec
5d3ebf9c-d425-4123-a4cd-1f8745201186,2024-03-01 16:03:17,0f1a84fed91f488c8ff96a035cdadc46,f9076e8c93e770840a5cadbcf9e7e096800e424f2bc527e2cf6b3cedafa02477
5d3ebf9c-d425-4123-a4cd-1f8745201186,2024-03-01 16:05:59,498556f3f85942d9b82c85f5593484ef,bfe06323c194fb42b4aff9d0545e4767ee45dd1136effbd3c62fdc97a684ff1c
5d3ebf9c-d425-4123-a4cd-1f8745201186,2024-03-01 16:07:17,50622cfc012643c9ae5d9b5999f215ae,4f91e1800ed5713b61f321141db2089ef7512cbc6beb68d152d97242e3162d8c
61ad4a9b-3330-40e9-9532-bbd7fc1dd0a7,2024-03-01 15:00:20,6acac4f170bd4cc8b3e671821b7fe1ca,68ca2ff27d35cbb80f23d793ccebbc8bd41d9a56861a99180b41e6189d70905f
61ad4a9b-3330-40e9-9532-bbd7fc1dd0a7,2024-03-01 15:00:27,a6bacdf9d9e4484184656370f61f0e1e,44c5dc7973503e129bb0ca475b531371adb304bafa3274cfa325e8c75eb32ff1
61ad4a9b-3330-40e9-9532-bbd7fc1dd0a7,2024-03-01 15:01:26,1dcbeff62ae74a6d9cb5a2cf42475c2a,68ca2ff27d35cbb80f23d793ccebbc8bd41d9a56861a99180b41e6189d70905f
61ad4a9b-3330-40e9-9532-bbd7fc1dd0a7,2024-03-01 15:02:31,50622cfc012643c9ae5d9b5999f215ae,4f91e1800ed5713b61f321141db2089ef7512cbc6beb68d152d97242e3162d8c
61ad4a9b-3330-40e9-9532-bbd7fc1dd0a7,2024-03-01 15:03:16,029f7cf6a35d4f6b8830eb57ee119464,31fbb355ad7e68f6ddd84b0438ee9c8b1756df7087f8f933d2209609d92322c1
61ad4a9b-3330-40e9-9532-bbd7fc1dd0a7,2024-03-01 15:03:44,36b1c9fa4f014260ba083a7b3b628389,aa82211395b1980ae9972b75e32c21d8777549e965d02929912baf116d6c9358
71824811-0b8a-4f7e-9cdc-52f71d026de6,2024-03-01 15:45:38,dc3910f2d57a4d309066ac08d14f41da,0f491149ae95d59e6ada1e71dbf8bbdfaf2057dcd22244bf48394b817bd504bf
71824811-0b8a-4f7e-9cdc-52f71d026de6,2024-03-01 15:45:43,e47b6efe9a2241a893d32f237c47059b,db0d022a272b69720e1799664a05c45df4de7b85f2461d8d17ce10e712724ccf
71824811-0b8a-4f7e-9cdc-52f71d026de6,2024-03-01 15:48:56,7eadc5fdfd9541629e42ae1d7d50c71f,1f0ed76b6aab66bc939c6af89c14d1c4d8b59f419c484d2900b34e7eff12bb37
71824811-0b8a-4f7e-9cdc-52f71d026de6,2024-03-01 15:49:35,558281f0631c49bf8bde21b9627f481c,09e9fc3cd956ec93874200929558c90f27db93e91e85061a4974b6a03edda537
71824811-0b8a-4f7e-9cdc-52f71d026de6,2024-03-01 15:50:02,f29996f69f8d48d9b2fdc1859ab69772,bfe06323c194fb42b4aff9d0545e4767ee45dd1136effbd3c62fdc97a684ff1c
812a9c1f-a662-46f8-a2cc-9e82b776aeab,2024-03-01 16:32:00,f237f0ffe8824401a46aa1e376f7e0d4,2edfeb28707374a80b0371e0e217534776aeab113c81146eea7215fc051cb5f2
812a9c1f-a662-46f8-a2cc-9e82b776aeab,2024-03-01 16:33:46,b77582f692664403ba91e838d0113e36,c5218d261a095972718a74f31a278c26aa44a490e3bb9e7afc527474ec93ecab
857dbce3-c4b9-44e6-a3fb-d9e7a42f55d9,2024-03-01 16:16:12,6ff8c3f052ae42e68a3fbdb310f9d926,2edfeb28707374a80b0371e0e217534776aeab113c81146eea7215fc051cb5f2
8bdbc653-6ae5-4561-be6f-b8e8191e3059,2024-03-01 12:48:11,b566a7f3124641e8b6bbdc5050de4279,77e96e6578776221f909428797758852278b3d0aa8e009583fd6c1e65023e42c
8bdbc653-6ae5-4561-be6f-b8e8191e3059,2024-03-01 12:49:29,3b155bf265b7411793a93ed2688cb92f,1ac2b03e22df6f07376b193fc0e66980a07f6b39541224adae3ea219841f0fb1
997e258b-b4fb-4d75-938b-d5cc3685c4ce,2024-03-01 13:16:02,3db20bfe601d43ffae9975b586bec04e,6d9b5027376f482d7e8243fb6b460c35d5eb6d9b57acb4ec02e0222d0d880b76
997e258b-b4fb-4d75-938b-d5cc3685c4ce,2024-03-01 13:18:34,5745fbf1c0ae47029e028d873fc3cda5,6d61f892b3e38198fa23f3ede20d0838e52466174928eceee46c8716ac26a2ec
9e142c8d-3e9d-4b34-bf3e-44374d2a9b26,2024-03-01 13:46:35,0d5d4bf7748c4154921efab8981af04d,d978c21bb761deda6e2034860510bcdf0e729ccb1b63a252b64418f2b3910172
9e142c8d-3e9d-4b34-bf3e-44374d2a9b26,2024-03-01 13:47:06,298a8dfcb96441af882e0a44e6c1e61a,1f0ed76b6aab66bc939c6af89c14d1c4d8b59f419c484d2900b34e7eff12bb37
9e142c8d-3e9d-4b34-bf3e-44374d2a9b26,2024-03-01 13:47:52,ddfe81fe27c644449415011aa01b657d,b1f99cfc70ecf663952bd7b41eccddc368f3d94b330ca891252a9f7a51ddd85f
9e142c8d-3e9d-4b34-bf3e-44374d2a9b26,2024-03-01 13:49:03,3a4bcdf23d544b8d923b7a7b5e5ddbd8,7ceb48a68eb341d2bd1540bb98f4590e73c6b55aab9d86f8d99a6deef11089d8
9e142c8d-3e9d-4b34-bf3e-44374d2a9b26,2024-03-01 13:50:09,38f065fa99bd41df8c624f41add754a2,6d9b5027376f482d7e8243fb6b460c35d5eb6d9b57acb4ec02e0222d0d880b76
9e142c8d-3e9d-4b34-bf3e-44374d2a9b26,2024-03-01 13:50:50,b6e3f9fd60c349fbae3952193688017d,a2d0e539e8faebd8432af14a40971cede4c2169d1473feace956648a9eb5d96f
b1caaf63-ed91-4ef1-ab05-3afeebaa3518,2024-03-01 17:02:24,cf0fd7f969144a4389ab821c7929f51e,0f491149ae95d59e6ada1e71dbf8bbdfaf2057dcd22244bf48394b817bd504bf
b1caaf63-ed91-4ef1-ab05-3afeebaa3518,2024-03-01 17:03:28,25fecef6582c43c38c0031d9b7afd307,ea509b94c584c2813cfd6c732c8124cf689cc4c2afb8e5ca7ad270f5a457021e
b1caaf63-ed91-4ef1-ab05-3afeebaa3518,2024-03-01 17:05:49,85b790f7ac26498dac311e60b65f9652,aa82211395b1980ae9972b75e32c21d8777549e965d02929912baf116d6c9358
b1caaf63-ed91-4ef1-ab05-3afeebaa3518,2024-03-01 17:06:10,0aeb62f5b7fa4584bfec953d6bc2757d,ab48d0fc094fd55d1dd5b623277616bfdd6cda3327436f2a08a19a56dd247c35
b1caaf63-ed91-4ef1-ab05-3afeebaa3518,2024-03-01 17:07:18,bd7e55f43013479a9b87856fd4f4bd12,2376de39f9d16f2eda331165151dfe8f2281caf0a446d6c63a26565ecf8fc45d
b5f37185-02f6-4df8-9ab7-6131142996e6,2024-03-01 12:30:15,063c5ffd28c143d19e5ae1c0fc6cf3ef,7ceb48a68eb341d2bd1540bb98f4590e73c6b55aab9d86f8d99a6deef11089d8
b5f37185-02f6-4df8-9ab7-6131142996e6,2024-03-01 12:32:19,9ea4fefd884a47fe96e931bb2e45121e,d9ba1247da3c2c5c59d97d3378facc453c0eaf1d6049684d90e4c16d804541bf
b5f37185-02f6-4df8-9ab7-6131142996e6,2024-03-01 12:33:13,b77582f692664403ba91e838d0113e36,c5218d261a095972718a74f31a278c26aa44a490e3bb9e7afc527474ec93ecab
b792f134-661e-4bb3-8a04-f62e8559526f,2024-03-01 13:30:05,f2e5ebfb946240349d0960393c961476,6b4480e65aaeea646446e613b3ca5e8114453afdba8c81a2ea7ec67d9b3bd294
b792f134-661e-4bb3-8a04-f62e8559526f,2024-03-01 13:30:36,11726bf6f0d84cedba29f0906c290c9c,1e23114f30859564fa935ac749bb790ad1a06acc0f9f8ec416c24760477d389e
b792f134-661e-4bb3-8a04-f62e8559526f,2024-03-01 13:30:52,f29996f69f8d48d9b2fdc1859ab69772,bfe06323c194fb42b4aff9d0545e4767ee45dd1136effbd3c62fdc97a684ff1c
b792f134-661e-4bb3-8a04-f62e8559526f,2024-03-01 13:32:36,5d04dbff7238482897d7e728820d7492,6d61f892b3e38198fa23f3ede20d0838e52466174928eceee46c8716ac26a2ec
b792f134-661e-4bb3-8a04-f62e8559526f,2024-03-01 13:33:14,e84e00fdedb24728832117509ca27ca7,a2d0e539e8faebd8432af14a40971cede4c2169d1473feace956648a9eb5d96f
f35f0921-a0f0-48d4-9f18-a392ca3684b0,2024-03-01 15:30:22,365d32fd99f94b4b82439535b45ae2ce,6d61f892b3e38198fa23f3ede20d0838e52466174928eceee46c8716ac26a2ec
f35f0921-a0f0-48d4-9f18-a392ca3684b0,2024-03-01 15:31:20,860c3ff58b734463a3fc69d0dd4833e1,2f577b5c482d5b39bd6c5236a6f0af951d7ea7cd4a73ed399f7491d0cf1a2eea
f35f0921-a0f0-48d4-9f18-a392ca3684b0,2024-03-01 15:32:09,6acac4f170bd4cc8b3e671821b7fe1ca,68ca2ff27d35cbb80f23d793ccebbc8bd41d9a56861a99180b41e6189d70905f
f35f0921-a0f0-48d4-9f18-a392ca3684b0,2024-03-01 15:33:16,090d76f3a3fc428387bee8c7ea58b65f,4f91e1800ed5713b61f321141db2089ef7512cbc6beb68d152d97242e3162d8c
f35f0921-a0f0-48d4-9f18-a392ca3684b0,2024-03-01 15:36:13,34a421f4c4724c89b22f291665defbc5,f9076e8c93e770840a5cadbcf9e7e096800e424f2bc527e2cf6b3cedafa02477
01073faa-4318-4316-91c5-96237635231d,2024-03-01 14:48:19,af9bd2f120e14b72b23e7317bc343dd6,db0d022a272b69720e1799664a05c45df4de7b85f2461d8d17ce10e712724ccf
01073faa-4318-4316-91c5-96237635231d,2024-03-01 14:48:19,98f200f0ba6e47b3b521a94cb1b5accb,bd746a7f72e48c688cd219518c3fb074765df24d907b6c225519c0ca703f13db
1af81360-1632-40a6-a5fd-5c6de537fe39,2024-03-01 15:21:40,e41befffae4e4f14a8bf4ae047ee00b1,71979c80142b1139e988579101522c349a07b28ee2412d5b6383f10f4e2c535e
f35f0921-a0f0-48d4-9f18-a392ca3684b0,2024-03-01 15:34:30,af9bd2f120e14b72b23e7317bc343dd6,db0d022a272b69720e1799664a05c45df4de7b85f2461d8d17ce10e712724ccf
f35f0921-a0f0-48d4-9f18-a392ca3684b0,2024-03-01 15:34:30,ddfe81fe27c644449415011aa01b657d,b1f99cfc70ecf663952bd7b41eccddc368f3d94b330ca891252a9f7a51ddd85f
f35f0921-a0f0-48d4-9f18-a392ca3684b0,2024-03-01 15:34:30,103bb5f20fd44bcd813968ceb2603ea8,070008ef42c1abe36107ae1aa9808cc769a1f673694d23f739930f30ba78cf75
857dbce3-c4b9-44e6-a3fb-d9e7a42f55d9,2024-03-01 16:15:00,498556f3f85942d9b82c85f5593484ef,bfe06323c194fb42b4aff9d0545e4767ee45dd1136effbd3c62fdc97a684ff1c
9e142c8d-3e9d-4b34-bf3e-44374d2a9b26,2024-03-01 13:46:15,065ff9f595834469a9b6d6a1719ae702,09e9fc3cd956ec93874200929558c90f27db93e91e85061a4974b6a03edda537
058f86a9-4016-49e0-9b95-6be16cf60e0b,2024-03-01 14:23:25,1c0f62f4c42044848c43ff350e1bba53,1ac2b03e22df6f07376b193fc0e66980a07f6b39541224adae3ea219841f0fb1
058f86a9-4016-49e0-9b95-6be16cf60e0b,2024-03-01 14:23:25,2a77ecfac43b4c96a731206ad69ecf0b,194c816b320e37623211e4bc97298d52a8fc7b2f3c519300d5417344f1dcb079
058f86a9-4016-49e0-9b95-6be16cf60e0b,2024-03-01 14:23:25,98f200f0ba6e47b3b521a94cb1b5accb,bd746a7f72e48c688cd219518c3fb074765df24d907b6c225519c0ca703f13db
1a8bdec2-a200-4d79-9091-8f950d528359,2024-03-01 16:51:21,0aeb62f5b7fa4584bfec953d6bc2757d,ab48d0fc094fd55d1dd5b623277616bfdd6cda3327436f2a08a19a56dd247c35
812a9c1f-a662-46f8-a2cc-9e82b776aeab,2024-03-01 16:34:12,5745fbf1c0ae47029e028d873fc3cda5,6d61f892b3e38198fa23f3ede20d0838e52466174928eceee46c8716ac26a2ec
b792f134-661e-4bb3-8a04-f62e8559526f,2024-03-01 13:36:15,365d32fd99f94b4b82439535b45ae2ce,6d61f892b3e38198fa23f3ede20d0838e52466174928eceee46c8716ac26a2ec
8bdbc653-6ae5-4561-be6f-b8e8191e3059,2024-03-01 12:45:54,c6df9dfdc9ec4cc28b4cc355214f1ce8,09e9fc3cd956ec93874200929558c90f27db93e91e85061a4974b6a03edda537
8bdbc653-6ae5-4561-be6f-b8e8191e3059,2024-03-01 12:45:54,c8f22cff6ba34dc9b9fbdb20919487f9,6b4480e65aaeea646446e613b3ca5e8114453afdba8c81a2ea7ec67d9b3bd294
8bdbc653-6ae5-4561-be6f-b8e8191e3059,2024-03-01 12:45:54,325ac6f5b486411881377cf6afeffc1a,ea509b94c584c2813cfd6c732c8124cf689cc4c2afb8e5ca7ad270f5a457021e
857dbce3-c4b9-44e6-a3fb-d9e7a42f55d9,2024-03-01 16:21:15,309d54f7e054463e9167aa12d3eef1e4,87bf7058b0ea611d8425b13b1efca1129b152bb4cb7856b13bc22cbfdd42fc9d
01073faa-4318-4316-91c5-96237635231d,2024-03-01 14:49:59,ddb816f196eb44d98fa5f0663072d162,68ca2ff27d35cbb80f23d793ccebbc8bd41d9a56861a99180b41e6189d70905f
01073faa-4318-4316-91c5-96237635231d,2024-03-01 14:49:59,f29996f69f8d48d9b2fdc1859ab69772,bfe06323c194fb42b4aff9d0545e4767ee45dd1136effbd3c62fdc97a684ff1c
01073faa-4318-4316-91c5-96237635231d,2024-03-01 14:49:59,691af8fe108e4b6f8c6860b9b87d1be8,070008ef42c1abe36107ae1aa9808cc769a1f673694d23f739930f30ba78cf75
f35f0921-a0f0-48d4-9f18-a392ca3684b0,2024-03-01 15:39:30,af9bd2f120e14b72b23e7317bc343dd6,db0d022a272b69720e1799664a05c45df4de7b85f2461d8d17ce10e712724ccf
f35f0921-a0f0-48d4-9f18-a392ca3684b0,2024-03-01 15:39:30,fc879efd9a1d45cc8f7a87dfd87db1b4,6b4480e65aaeea646446e613b3ca5e8114453afdba8c81a2ea7ec67d9b3bd294
01073faa-4318-4316-91c5-96237635231d,2024-03-01 14:47:13,49c861f709fc4a1fb75c734c52700b11,070008ef42c1abe36107ae1aa9808cc769a1f673694d23f739930f30ba78cf75
1c53befb-69ae-458e-891d-5c28752a0d1f,2024-03-01 14:01:34,9ca12bf7594040209e4846a0b12cf619,68ca2ff27d35cbb80f23d793ccebbc8bd41d9a56861a99180b41e6189d70905f
363304b5-c0b2-4895-9171-e86f82ce40a8,2024-03-01 13:03:20,a22e7ff1440c4da8b2b783c200ed9d82,2376de39f9d16f2eda331165151dfe8f2281caf0a446d6c63a26565ecf8fc45d
058f86a9-4016-49e0-9b95-6be16cf60e0b,2024-03-01 14:19:44,c15d61fe10394d46a582acecf35a986f,ab48d0fc094fd55d1dd5b623277616bfdd6cda3327436f2a08a19a56dd247c35
058f86a9-4016-49e0-9b95-6be16cf60e0b,2024-03-01 14:19:44,2ffa9df565644b4798454491035cacbf,2376de39f9d16f2eda331165151dfe8f2281caf0a446d6c63a26565ecf8fc45d
058f86a9-4016-49e0-9b95-6be16cf60e0b,2024-03-01 14:19:44,9ca45efe0464449c915cadff06b5fd78,87bf7058b0ea611d8425b13b1efca1129b152bb4cb7856b13bc22cbfdd42fc9d
1c53befb-69ae-458e-891d-5c28752a0d1f,2024-03-01 14:01:03,865a1cf6544d49bbbcb859537e7bb164,070008ef42c1abe36107ae1aa9808cc769a1f673694d23f739930f30ba78cf75
997e258b-b4fb-4d75-938b-d5cc3685c4ce,2024-03-01 13:21:00,07e345f10e4e41c5a70432276cd44d25,31fbb355ad7e68f6ddd84b0438ee9c8b1756df7087f8f933d2209609d92322c1
01073faa-4318-4316-91c5-96237635231d,2024-03-01 14:51:39,11ccb1f09987468c93362039659c5e80,ea509b94c584c2813cfd6c732c8124cf689cc4c2afb8e5ca7ad270f5a457021e
01073faa-4318-4316-91c5-96237635231d,2024-03-01 14:51:39,a95489fadbcb4271ab0b61c2c0eede70,bd746a7f72e48c688cd219518c3fb074765df24d907b6c225519c0ca703f13db
01073faa-4318-4316-91c5-96237635231d,2024-03-01 14:51:39,384819f09fba4c0980e812d42e0a5760,d9ba1247da3c2c5c59d97d3378facc453c0eaf1d6049684d90e4c16d804541bf
58bf955b-dc96-4977-9169-2ef3e61241fe,2024-03-01 12:18:20,20a1e9f978e24366b234421cf09308bf,c5218d261a095972718a74f31a278c26aa44a490e3bb9e7afc527474ec93ecab
58bf955b-dc96-4977-9169-2ef3e61241fe,2024-03-01 12:18:20,37e1c7fc90804e40911afcf13c50ed38,ea509b94c584c2813cfd6c732c8124cf689cc4c2afb8e5ca7ad270f5a457021e
b5f37185-02f6-4df8-9ab7-6131142996e6,2024-03-01 12:37:30,746156fe692a48118c2835379be2ea26,2376de39f9d16f2eda331165151dfe8f2281caf0a446d6c63a26565ecf8fc45d
997e258b-b4fb-4d75-938b-d5cc3685c4ce,2024-03-01 13:20:00,1fbcf3f3558d4ce5b56f4f745f712b8c,1e23114f30859564fa935ac749bb790ad1a06acc0f9f8ec416c24760477d389e
997e258b-b4fb-4d75-938b-d5cc3685c4ce,2024-03-01 13:20:00,d4ea90fec7274f47b94f099c0a7d387d,d978c21bb761deda6e2034860510bcdf0e729ccb1b63a252b64418f2b3910172
1c53befb-69ae-458e-891d-5c28752a0d1f,2024-03-01 14:02:37,e6b6b3fb4bc9472a99cf6529341f0b5a,7ceb48a68eb341d2bd1540bb98f4590e73c6b55aab9d86f8d99a6deef11089d8
1c53befb-69ae-458e-891d-5c28752a0d1f,2024-03-01 14:02:37,03c9d8fbdd29491490a0a24261bc26f8,2376de39f9d16f2eda331165151dfe8f2281caf0a446d6c63a26565ecf8fc45d
1c53befb-69ae-458e-891d-5c28752a0d1f,2024-03-01 14:02:37,1c8caaf9290643269b34cc1e46efe584,05157bf78fcc164f12b663ad20d3363e79a1ecb11b1171345b4da1248f399edd
857dbce3-c4b9-44e6-a3fb-d9e7a42f55d9,2024-03-01 16:21:52,6e7e43fb012842e8b1c3883433d83900,09e9fc3cd956ec93874200929558c90f27db93e91e85061a4974b6a03edda537
857dbce3-c4b9-44e6-a3fb-d9e7a42f55d9,2024-03-01 16:21:52,1cf4d5f626d0445da9d7492aab84b9d3,87bf7058b0ea611d8425b13b1efca1129b152bb4cb7856b13bc22cbfdd42fc9d
857dbce3-c4b9-44e6-a3fb-d9e7a42f55d9,2024-03-01 16:21:52,bae5f2f875104c85961bc10d9fb1214d,0f491149ae95d59e6ada1e71dbf8bbdfaf2057dcd22244bf48394b817bd504bf
1a8bdec2-a200-4d79-9091-8f950d528359,2024-03-01 16:47:43,2f8702f4c7c74659a69a3543393042d0,ea509b94c584c2813cfd6c732c8124cf689cc4c2afb8e5ca7ad270f5a457021e
363304b5-c0b2-4895-9171-e86f82ce40a8,2024-03-01 13:07:20,96544ef72cf44a1384f5821536a30a6e,81d89299fdc38f7b01d46426c25aa8b875af5c236b8c98496f09df60e0d87f0f
363304b5-c0b2-4895-9171-e86f82ce40a8,2024-03-01 13:04:00,c5a63bff5f9647aab4e60e9854e3971f,d9ba1247da3c2c5c59d97d3378facc453c0eaf1d6049684d90e4c16d804541bf
b1caaf63-ed91-4ef1-ab05-3afeebaa3518,2024-03-01 17:06:30,22741af631b64fb8b06458478e4e2ec5,77e96e6578776221f909428797758852278b3d0aa8e009583fd6c1e65023e42c
b1caaf63-ed91-4ef1-ab05-3afeebaa3518,2024-03-01 17:06:30,f77c71f15d4e4210a01ea4fb2ddc23a4,1ac2b03e22df6f07376b193fc0e66980a07f6b39541224adae3ea219841f0fb1
b1caaf63-ed91-4ef1-ab05-3afeebaa3518,2024-03-01 17:06:30,9a2ccefff9da40789b2bae9d950ef0a8,eab7dd582bff3bb53aff1f2727c8d0e90d4612d607eb25cad0c867fd3f239d2a
363304b5-c0b2-4895-9171-e86f82ce40a8,2024-03-01 13:09:20,98a4e7f2ba274558aa5b3a04c1e9a3c1,1e23114f30859564fa935ac749bb790ad1a06acc0f9f8ec416c24760477d389e
363304b5-c0b2-4895-9171-e86f82ce40a8,2024-03-01 13:09:20,dc3910f2d57a4d309066ac08d14f41da,0f491149ae95d59e6ada1e71dbf8bbdfaf2057dcd22244bf48394b817bd504bf
1a8bdec2-a200-4d79-9091-8f950d528359,2024-03-01 16:53:10,7f8092fe3a99499cbd84f4ed85b31399,1ac2b03e22df6f07376b193fc0e66980a07f6b39541224adae3ea219841f0fb1
1a8bdec2-a200-4d79-9091-8f950d528359,2024-03-01 16:53:10,129adbfa46694885a35e7a7c2e551285,0f491149ae95d59e6ada1e71dbf8bbdfaf2057dcd22244bf48394b817bd504bf
27d7803a-7a49-4bac-bca1-27a1758d4486,2024-03-01 14:30:00,45c6d4fb65cc47bfb9e91a7a6b4b5a03,31fbb355ad7e68f6ddd84b0438ee9c8b1756df7087f8f933d2209609d92322c1
b1caaf63-ed91-4ef1-ab05-3afeebaa3518,2024-03-01 17:04:30,fa8b97ff26d246fbac52be4375544576,09e9fc3cd956ec93874200929558c90f27db93e91e85061a4974b6a03edda537
857dbce3-c4b9-44e6-a3fb-d9e7a42f55d9,2024-03-01 16:24:22,32f68ff8114b4f2c895ad576bae596ca,db0d022a272b69720e1799664a05c45df4de7b85f2461d8d17ce10e712724ccf
857dbce3-c4b9-44e6-a3fb-d9e7a42f55d9,2024-03-01 16:24:22,b6f83cf4280a46ee947f8bcc0f317917,d2c0cc581433237b3ad80ce33a4dd7c7e3794988c8da8a26413c3cd283c39849
857dbce3-c4b9-44e6-a3fb-d9e7a42f55d9,2024-03-01 16:24:22,4f6b7cf8b9154235a2b4ebbcdb217be6,f9076e8c93e770840a5cadbcf9e7e096800e424f2bc527e2cf6b3cedafa02477
5d3ebf9c-d425-4123-a4cd-1f8745201186,2024-03-01 16:02:13,bae5f2f875104c85961bc10d9fb1214d,0f491149ae95d59e6ada1e71dbf8bbdfaf2057dcd22244bf48394b817bd504bf
61ad4a9b-3330-40e9-9532-bbd7fc1dd0a7,2024-03-01 15:00:00,96544ef72cf44a1384f5821536a30a6e,81d89299fdc38f7b01d46426c25aa8b875af5c236b8c98496f09df60e0d87f0f
058f86a9-4016-49e0-9b95-6be16cf60e0b,2024-03-01 14:16:34,a0d7a4f99eed4956b5040a72e6b14d6b,09e9fc3cd956ec93874200929558c90f27db93e91e85061a4974b6a03edda537
9e142c8d-3e9d-4b34-bf3e-44374d2a9b26,2024-03-01 13:51:52,704677fa01364cce9b5087a41f09b7cb,09e9fc3cd956ec93874200929558c90f27db93e91e85061a4974b6a03edda537
9e142c8d-3e9d-4b34-bf3e-44374d2a9b26,2024-03-01 13:51:52,632fe6f39127445f8edc9c4bcedb770d,7ceb48a68eb341d2bd1540bb98f4590e73c6b55aab9d86f8d99a6deef11089d8
9e142c8d-3e9d-4b34-bf3e-44374d2a9b26,2024-03-01 13:51:52,c15d61fe10394d46a582acecf35a986f,ab48d0fc094fd55d1dd5b623277616bfdd6cda3327436f2a08a19a56dd247c35
812a9c1f-a662-46f8-a2cc-9e82b776aeab,2024-03-01 16:37:22,db6b7ff3b4554df0a621fd0ac24502e2,5e9d615d421d90e32c01e4c62add1c3318a07bddcbc05f762d19c3413ad2f0d7
27d7803a-7a49-4bac-bca1-27a1758d4486,2024-03-01 14:37:41,512376f4df384585860df21f01b1479a,a2d0e539e8faebd8432af14a40971cede4c2169d1473feace956648a9eb5d96f
27d7803a-7a49-4bac-bca1-27a1758d4486,2024-03-01 14:37:41,84c7c3f3f54042f193308ab05db14f33,aa82211395b1980ae9972b75e32c21d8777549e965d02929912baf116d6c9358
27d7803a-7a49-4bac-bca1-27a1758d4486,2024-03-01 14:37:41,3448fafa7b51475781b431df06574933,db0d022a272b69720e1799664a05c45df4de7b85f2461d8d17ce10e712724ccf
b1caaf63-ed91-4ef1-ab05-3afeebaa3518,2024-03-01 17:06:00,84937bfc0dbb4698b054c43e87db60fc,6d9b5027376f482d7e8243fb6b460c35d5eb6d9b57acb4ec02e0222d0d880b76
b1caaf63-ed91-4ef1-ab05-3afeebaa3518,2024-03-01 17:06:00,88fed1fde1634ba4a4786ac38ed1a245,05157bf78fcc164f12b663ad20d3363e79a1ecb11b1171345b4da1248f399edd
b1caaf63-ed91-4ef1-ab05-3afeebaa3518,2024-03-01 17:06:00,325ac6f5b486411881377cf6afeffc1a,ea509b94c584c2813cfd6c732c8124cf689cc4c2afb8e5ca7ad270f5a457021e
b5f37185-02f6-4df8-9ab7-6131142996e6,2024-03-01 12:30:00,b77582f692664403ba91e838d0113e36,c5218d261a095972718a74f31a278c26aa44a490e3bb9e7afc527474ec93ecab
b5f37185-02f6-4df8-9ab7-6131142996e6,2024-03-01 12:30:00,9506adff76fd41b99db65429e9179193,6d61f892b3e38198fa23f3ede20d0838e52466174928eceee46c8716ac26a2ec
b5f37185-02f6-4df8-9ab7-6131142996e6,2024-03-01 12:30:00,12a33bf25d1c4fbdb19e14c2a53da403,194c816b320e37623211e4bc97298d52a8fc7b2f3c519300d5417344f1dcb079
9e142c8d-3e9d-4b34-bf3e-44374d2a9b26,2024-03-01 13:48:07,704677fa01364cce9b5087a41f09b7cb,09e9fc3cd956ec93874200929558c90f27db93e91e85061a4974b6a03edda537
9e142c8d-3e9d-4b34-bf3e-44374d2a9b26,2024-03-01 13:48:07,dc3910f2d57a4d309066ac08d14f41da,0f491149ae95d59e6ada1e71dbf8bbdfaf2057dcd22244bf48394b817bd504bf
f35f0921-a0f0-48d4-9f18-a392ca3684b0,2024-03-01 15:34:00,3b7688f686ab478ca2c2e2e79d8e8fac,2f577b5c482d5b39bd6c5236a6f0af951d7ea7cd4a73ed399f7491d0cf1a2eea
f35f0921-a0f0-48d4-9f18-a392ca3684b0,2024-03-01 15:34:00,38f065fa99bd41df8c624f41add754a2,6d9b5027376f482d7e8243fb6b460c35d5eb6d9b57acb4ec02e0222d0d880b76
f35f0921-a0f0-48d4-9f18-a392ca3684b0,2024-03-01 15:34:00,88fed1fde1634ba4a4786ac38ed1a245,05157bf78fcc164f12b663ad20d3363e79a1ecb11b1171345b4da1248f399edd
812a9c1f-a662-46f8-a2cc-9e82b776aeab,2024-03-01 16:31:03,a4d07cfbccd44ff3af1a9ea8a6ef84dc,71979c80142b1139e988579101522c349a07b28ee2412d5b6383f10f4e2c535e
812a9c1f-a662-46f8-a2cc-9e82b776aeab,2024-03-01 16:31:03,c6df9dfdc9ec4cc28b4cc355214f1ce8,09e9fc3cd956ec93874200929558c90f27db93e91e85061a4974b6a03edda537
812a9c1f-a662-46f8-a2cc-9e82b776aeab,2024-03-01 16:31:03,88fed1fde1634ba4a4786ac38ed1a245,05157bf78fcc164f12b663ad20d3363e79a1ecb11b1171345b4da1248f399edd
71824811-0b8a-4f7e-9cdc-52f71d026de6,2024-03-01 15:47:30,f5e245f42f84478a82bff5d0f6ead19a,a2d0e539e8faebd8432af14a40971cede4c2169d1473feace956648a9eb5d96f
71824811-0b8a-4f7e-9cdc-52f71d026de6,2024-03-01 15:47:30,9506adff76fd41b99db65429e9179193,6d61f892b3e38198fa23f3ede20d0838e52466174928eceee46c8716ac26a2ec
71824811-0b8a-4f7e-9cdc-52f71d026de6,2024-03-01 15:47:30,2c8b53f7f117410ab4bae43037efdbc0,1f0ed76b6aab66bc939c6af89c14d1c4d8b59f419c484d2900b34e7eff12bb37
b5f37185-02f6-4df8-9ab7-6131142996e6,2024-03-01 12:33:45,ddb816f196eb44d98fa5f0663072d162,68ca2ff27d35cbb80f23d793ccebbc8bd41d9a56861a99180b41e6189d70905f
b5f37185-02f6-4df8-9ab7-6131142996e6,2024-03-01 12:33:45,e41befffae4e4f14a8bf4ae047ee00b1,71979c80142b1139e988579101522c349a07b28ee2412d5b6383f10f4e2c535e
b5f37185-02f6-4df8-9ab7-6131142996e6,2024-03-01 12:33:45,9b85bff9a9334585a553d8811060c3c3,bd746a7f72e48c688cd219518c3fb074765df24d907b6c225519c0ca703f13db
01073faa-4318-4316-91c5-96237635231d,2024-03-01 14:46:06,1827c4fd998f4d35a21ad4fb18ed5891,68ca2ff27d35cbb80f23d793ccebbc8bd41d9a56861a99180b41e6189d70905f
01073faa-4318-4316-91c5-96237635231d,2024-03-01 14:46:06,498556f3f85942d9b82c85f5593484ef,bfe06323c194fb42b4aff9d0545e4767ee45dd1136effbd3c62fdc97a684ff1c
857dbce3-c4b9-44e6-a3fb-d9e7a42f55d9,2024-03-01 16:16:52,e84e00fdedb24728832117509ca27ca7,a2d0e539e8faebd8432af14a40971cede4c2169d1473feace956648a9eb5d96f
b792f134-661e-4bb3-8a04-f62e8559526f,2024-03-01 13:30:00,6d1c36f842a845c395edc37b095a1232,1ac2b03e22df6f07376b193fc0e66980a07f6b39541224adae3ea219841f0fb1
b792f134-661e-4bb3-8a04-f62e8559526f,2024-03-01 13:30:00,1dcbeff62ae74a6d9cb5a2cf42475c2a,68ca2ff27d35cbb80f23d793ccebbc8bd41d9a56861a99180b41e6189d70905f
058f86a9-4016-49e0-9b95-6be16cf60e0b,2024-03-01 14:20:47,2d0266faffc148539af5a1f9e9c23d0c,77e96e6578776221f909428797758852278b3d0aa8e009583fd6c1e65023e42c
58bf955b-dc96-4977-9169-2ef3e61241fe,2024-03-01 12:20:33,3db20bfe601d43ffae9975b586bec04e,6d9b5027376f482d7e8243fb6b460c35d5eb6d9b57acb4ec02e0222d0d880b76
58bf955b-dc96-4977-9169-2ef3e61241fe,2024-03-01 12:20:33,11ccb1f09987468c93362039659c5e80,ea509b94c584c2813cfd6c732c8124cf689cc4c2afb8e5ca7ad270f5a457021e
58bf955b-dc96-4977-9169-2ef3e61241fe,2024-03-01 12:20:33,029f7cf6a35d4f6b8830eb57ee119464,31fbb355ad7e68f6ddd84b0438ee9c8b1756df7087f8f933d2209609d92322c1
f35f0921-a0f0-48d4-9f18-a392ca3684b0,2024-03-01 15:36:00,f5e245f42f84478a82bff5d0f6ead19a,a2d0e539e8faebd8432af14a40971cede4c2169d1473feace956648a9eb5d96f
f35f0921-a0f0-48d4-9f18-a392ca3684b0,2024-03-01 15:36:00,6d1c36f842a845c395edc37b095a1232,1ac2b03e22df6f07376b193fc0e66980a07f6b39541224adae3ea219841f0fb1
f35f0921-a0f0-48d4-9f18-a392ca3684b0,2024-03-01 15:36:00,bd7b99fc65de48b98242608cc63c604a,194c816b320e37623211e4bc97298d52a8fc7b2f3c519300d5417344f1dcb079
1a8bdec2-a200-4d79-9091-8f950d528359,2024-03-01 16:46:49,a032b9fe84024b88b24c8a0aae61b05c,070008ef42c1abe36107ae1aa9808cc769a1f673694d23f739930f30ba78cf75
1a8bdec2-a200-4d79-9091-8f950d528359,2024-03-01 16:46:49,b77582f692664403ba91e838d0113e36,c5218d261a095972718a74f31a278c26aa44a490e3bb9e7afc527474ec93ecab
f35f0921-a0f0-48d4-9f18-a392ca3684b0,2024-03-01 15:38:30,3e407bf8a6e5407aaecbe80d98630d3d,a2d0e539e8faebd8432af14a40971cede4c2169d1473feace956648a9eb5d96f
5d3ebf9c-d425-4123-a4cd-1f8745201186,2024-03-01 16:04:26,247b49fe681e4b4a954b40900b303dd7,a2d0e539e8faebd8432af14a40971cede4c2169d1473feace956648a9eb5d96f
058f86a9-4016-49e0-9b95-6be16cf60e0b,2024-03-01 14:20:15,271b2afd8ebb4e009ba4aa3f3272e78b,87bf7058b0ea611d8425b13b1efca1129b152bb4cb7856b13bc22cbfdd42fc9d
058f86a9-4016-49e0-9b95-6be16cf60e0b,2024-03-01 14:20:15,6d8ee0f4eb0d4161babc5fc716b069d6,87bf7058b0ea611d8425b13b1efca1129b152bb4cb7856b13bc22cbfdd42fc9d
058f86a9-4016-49e0-9b95-6be16cf60e0b,2024-03-01 14:20:15,a76bbef489e244dba4db3539e6c4ea30,09e9fc3cd956ec93874200929558c90f27db93e91e85061a4974b6a03edda537
812a9c1f-a662-46f8-a2cc-9e82b776aeab,2024-03-01 16:33:41,41d3dbfaafb847f0b52c3159c136aaf3,1e23114f30859564fa935ac749bb790ad1a06acc0f9f8ec416c24760477d389e
01073faa-4318-4316-91c5-96237635231d,2024-03-01 14:50:33,4501b6f1bc3c4bcab8952664864e9fa9,aa82211395b1980ae9972b75e32c21d8777549e965d02929912baf116d6c9358
61ad4a9b-3330-40e9-9532-bbd7fc1dd0a7,2024-03-01 15:08:00,108054fd4d2143d681f8c622fc781273,db0d022a272b69720e1799664a05c45df4de7b85f2461d8d17ce10e712724ccf
61ad4a9b-3330-40e9-9532-bbd7fc1dd0a7,2024-03-01 15:08:00,768884fc5a7749a598f098f805cb83d9,d2c0cc581433237b3ad80ce33a4dd7c7e3794988c8da8a26413c3cd283c39849
61ad4a9b-3330-40e9-9532-bbd7fc1dd0a7,2024-03-01 15:08:00,1fbcf3f3558d4ce5b56f4f745f712b8c,1e23114f30859564fa935ac749bb790ad1a06acc0f9f8ec416c24760477d389e
058f86a9-4016-49e0-9b95-6be16cf60e0b,2024-03-01 14:16:03,c4e101f7a09d41a29e0c4c871b59a1df,1f0ed76b6aab66bc939c6af89c14d1c4d8b59f419c484d2900b34e7eff12bb37
058f86a9-4016-49e0-9b95-6be16cf60e0b,2024-03-01 14:16:03,38f065fa99bd41df8c624f41add754a2,6d9b5027376f482d7e8243fb6b460c35d5eb6d9b57acb4ec02e0222d0d880b76
01073faa-4318-4316-91c5-96237635231d,2024-03-01 14:49:26,3e407bf8a6e5407aaecbe80d98630d3d,a2d0e539e8faebd8432af14a40971cede4c2169d1473feace956648a9eb5d96f
01073faa-4318-4316-91c5-96237635231d,2024-03-01 14:54:26,d6529afe1a7b433c90595fa8acad059e,44c5dc7973503e129bb0ca475b531371adb304bafa3274cfa325e8c75eb32ff1
01073faa-4318-4316-91c5-96237635231d,2024-03-01 14:45:33,022287fbc34147b28c6518cb91a70dd4,77e96e6578776221f909428797758852278b3d0aa8e009583fd6c1e65023e42c
01073faa-4318-4316-91c5-96237635231d,2024-03-01 14:45:33,df2946fc354a4bd1b502036a2f4cd61d,d9ba1247da3c2c5c59d97d3378facc453c0eaf1d6049684d90e4c16d804541bf
812a9c1f-a662-46f8-a2cc-9e82b776aeab,2024-03-01 16:36:50,eef6b6facc1a4f02b23502326a1c8dbd,db0d022a272b69720e1799664a05c45df4de7b85f2461d8d17ce10e712724ccf
812a9c1f-a662-46f8-a2cc-9e82b776aeab,2024-03-01 16:36:50,98c9f4f2f11746db872e347db90b18b5,68ca2ff27d35cbb80f23d793ccebbc8bd41d9a56861a99180b41e6189d70905f
812a9c1f-a662-46f8-a2cc-9e82b776aeab,2024-03-01 16:36:50,a0d7a4f99eed4956b5040a72e6b14d6b,09e9fc3cd956ec93874200929558c90f27db93e91e85061a4974b6a03edda537
1a8bdec2-a200-4d79-9091-8f950d528359,2024-03-01 16:50:27,987085f9934b4e51a8f14ad5a9050cc7,71979c80142b1139e988579101522c349a07b28ee2412d5b6383f10f4e2c535e
1a8bdec2-a200-4d79-9091-8f950d528359,2024-03-01 16:50:27,dfc98cfd0d39484fa99a51d565c380af,d2c0cc581433237b3ad80ce33a4dd7c7e3794988c8da8a26413c3cd283c39849
1a8bdec2-a200-4d79-9091-8f950d528359,2024-03-01 16:50:27,951e77f522014ccc8bd802f504b9a9b5,eab7dd582bff3bb53aff1f2727c8d0e90d4612d607eb25cad0c867fd3f239d2a
058f86a9-4016-49e0-9b95-6be16cf60e0b,2024-03-01 14:19:12,50622cfc012643c9ae5d9b5999f215ae,4f91e1800ed5713b61f321141db2089ef7512cbc6beb68d152d97242e3162d8c
1c53befb-69ae-458e-891d-5c28752a0d1f,2024-03-01 14:03:41,704677fa01364cce9b5087a41f09b7cb,09e9fc3cd956ec93874200929558c90f27db93e91e85061a4974b6a03edda537
1c53befb-69ae-458e-891d-5c28752a0d1f,2024-03-01 14:03:41,9ea4fefd884a47fe96e931bb2e45121e,d9ba1247da3c2c5c59d97d3378facc453c0eaf1d6049684d90e4c16d804541bf
1c53befb-69ae-458e-891d-5c28752a0d1f,2024-03-01 14:03:41,090d76f3a3fc428387bee8c7ea58b65f,4f91e1800ed5713b61f321141db2089ef7512cbc6beb68d152d97242e3162d8c
b5f37185-02f6-4df8-9ab7-6131142996e6,2024-03-01 12:31:15,14e459f758b64625ada9a051f6d8fcf6,d2c0cc581433237b3ad80ce33a4dd7c7e3794988c8da8a26413c3cd283c39849
b5f37185-02f6-4df8-9ab7-6131142996e6,2024-03-01 12:31:15,00bdc9ff27db4f7ea300875ca35eecfd,77e96e6578776221f909428797758852278b3d0aa8e009583fd6c1e65023e42c
01073faa-4318-4316-91c5-96237635231d,2024-03-01 14:53:19,9ca12bf7594040209e4846a0b12cf619,68ca2ff27d35cbb80f23d793ccebbc8bd41d9a56861a99180b41e6189d70905f
61ad4a9b-3330-40e9-9532-bbd7fc1dd0a7,2024-03-01 15:01:20,435d17f6103d4b2895e8a39e05f03976,e6adc1c046c3a313d48c527142c807c6b8ae9988382331dff8d42a6dcc4f6448
58bf955b-dc96-4977-9169-2ef3e61241fe,2024-03-01 12:17:13,fe75e3f78a914cb6ab68981da2f9b7d0,6d9b5027376f482d7e8243fb6b460c35d5eb6d9b57acb4ec02e0222d0d880b76
58bf955b-dc96-4977-9169-2ef3e61241fe,2024-03-01 12:17:13,b06009f927354d788ea7092227072565,5e9d615d421d90e32c01e4c62add1c3318a07bddcbc05f762d19c3413ad2f0d7
58bf955b-dc96-4977-9169-2ef3e61241fe,2024-03-01 12:17:13,a571d2f4ea8d40b8af8f2d934f4a9347,d978c21bb761deda6e2034860510bcdf0e729ccb1b63a252b64418f2b3910172
363304b5-c0b2-4895-9171-e86f82ce40a8,2024-03-01 13:06:40,6ff8c3f052ae42e68a3fbdb310f9d926,2edfeb28707374a80b0371e0e217534776aeab113c81146eea7215fc051cb5f2
9e142c8d-3e9d-4b34-bf3e-44374d2a9b26,2024-03-01 13:53:07,12a33bf25d1c4fbdb19e14c2a53da403,194c816b320e37623211e4bc97298d52a8fc7b2f3c519300d5417344f1dcb079
9e142c8d-3e9d-4b34-bf3e-44374d2a9b26,2024-03-01 13:53:07,d52d28f502c7486980b5da6acf1d933f,7ceb48a68eb341d2bd1540bb98f4590e73c6b55aab9d86f8d99a6deef11089d8
9e142c8d-3e9d-4b34-bf3e-44374d2a9b26,2024-03-01 13:53:07,6d128df7d8ab46dc88c46d484b705a7b,0f491149ae95d59e6ada1e71dbf8bbdfaf2057dcd22244bf48394b817bd504bf
58bf955b-dc96-4977-9169-2ef3e61241fe,2024-03-01 12:19:26,6e7196f8f9684bd09ed73d46d9ec1a1c,09e9fc3cd956ec93874200929558c90f27db93e91e85061a4974b6a03edda537
58bf955b-dc96-4977-9169-2ef3e61241fe,2024-03-01 12:19:26,03c9d8fbdd29491490a0a24261bc26f8,2376de39f9d16f2eda331165151dfe8f2281caf0a446d6c63a26565ecf8fc45d
58bf955b-dc96-4977-9169-2ef3e61241fe,2024-03-01 12:19:26,667138f082be4950acd1c8961debff20,d978c21bb761deda6e2034860510bcdf0e729ccb1b63a252b64418f2b3910172
997e258b-b4fb-4d75-938b-d5cc3685c4ce,2024-03-01 13:15:00,805ebff953d84c96a0799f3a76c14304,2edfeb28707374a80b0371e0e217534776aeab113c81146eea7215fc051cb5f2
997e258b-b4fb-4d75-938b-d5cc3685c4ce,2024-03-01 13:15:00,eef6b6facc1a4f02b23502326a1c8dbd,db0d022a272b69720e1799664a05c45df4de7b85f2461d8d17ce10e712724ccf
997e258b-b4fb-4d75-938b-d5cc3685c4ce,2024-03-01 13:15:00,384819f09fba4c0980e812d42e0a5760,d9ba1247da3c2c5c59d97d3378facc453c0eaf1d6049684d90e4c16d804541bf
f35f0921-a0f0-48d4-9f18-a392ca3684b0,2024-03-01 15:35:30,25fecef6582c43c38c0031d9b7afd307,ea509b94c584c2813cfd6c732c8124cf689cc4c2afb8e5ca7ad270f5a457021e
f35f0921-a0f0-48d4-9f18-a392ca3684b0,2024-03-01 15:35:30,af9bd2f120e14b72b23e7317bc343dd6,db0d022a272b69720e1799664a05c45df4de7b85f2461d8d17ce10e712724ccf
1c53befb-69ae-458e-891d-5c28752a0d1f,2024-03-01 14:08:25,baffbbf868334bb593b847fa66567f87,eab7dd582bff3bb53aff1f2727c8d0e90d4612d607eb25cad0c867fd3f239d2a
1c53befb-69ae-458e-891d-5c28752a0d1f,2024-03-01 14:08:25,ba5b38f593e9437781381ac5001893cd,070008ef42c1abe36107ae1aa9808cc769a1f673694d23f739930f30ba78cf75
1c53befb-69ae-458e-891d-5c28752a0d1f,2024-03-01 14:08:25,746156fe692a48118c2835379be2ea26,2376de39f9d16f2eda331165151dfe8f2281caf0a446d6c63a26565ecf8fc45d
b792f134-661e-4bb3-8a04-f62e8559526f,2024-03-01 13:37:30,2a77ecfac43b4c96a731206ad69ecf0b,194c816b320e37623211e4bc97298d52a8fc7b2f3c519300d5417344f1dcb079
b792f134-661e-4bb3-8a04-f62e8559526f,2024-03-01 13:37:30,6d8ee0f4eb0d4161babc5fc716b069d6,87bf7058b0ea611d8425b13b1efca1129b152bb4cb7856b13bc22cbfdd42fc9d
1c53befb-69ae-458e-891d-5c28752a0d1f,2024-03-01 14:00:00,4f6b7cf8b9154235a2b4ebbcdb217be6,f9076e8c93e770840a5cadbcf9e7e096800e424f2bc527e2cf6b3cedafa02477
f35f0921-a0f0-48d4-9f18-a392ca3684b0,2024-03-01 15:32:00,4c7084f4966d4195b14baa1fa75faad8,81d89299fdc38f7b01d46426c25aa8b875af5c236b8c98496f09df60e0d87f0f
f35f0921-a0f0-48d4-9f18-a392ca3684b0,2024-03-01 15:32:00,2731d2f2a96f46dd927570a813728781,2376de39f9d16f2eda331165151dfe8f2281caf0a446d6c63a26565ecf8fc45d
5d3ebf9c-d425-4123-a4cd-1f8745201186,2024-03-01 16:03:20,458f73f9814f4aac96633caa0253380d,71979c80142b1139e988579101522c349a07b28ee2412d5b6383f10f4e2c535e
