01073faa-4318-4316-91c5-96237635231d,2024-03-01 14:46:21,Search query
01073faa-4318-4316-91c5-96237635231d,2024-03-01 14:47:05,Comment text
058f86a9-4016-49e0-9b95-6be16cf60e0b,2024-03-01 14:16:40,Comment text
058f86a9-4016-49e0-9b95-6be16cf60e0b,2024-03-01 14:19:45,Search query
058f86a9-4016-49e0-9b95-6be16cf60e0b,2024-03-01 14:21:22,Test input
1c53befb-69ae-458e-891d-5c28752a0d1f,2024-03-01 14:00:36,Test input
27d7803a-7a49-4bac-bca1-27a1758d4486,2024-03-01 14:34:23,Search query
58bf955b-dc96-4977-9169-2ef3e61241fe,2024-03-01 12:16:26,Comment text
5d3ebf9c-d425-4123-a4cd-1f8745201186,2024-03-01 16:01:43,Test input
5d3ebf9c-d425-4123-a4cd-1f8745201186,2024-03-01 16:02:39,Comment text
5d3ebf9c-d425-4123-a4cd-1f8745201186,2024-03-01 16:03:44,Hello
5d3ebf9c-d425-4123-a4cd-1f8745201186,2024-03-01 16:05:04,Hello
5d3ebf9c-d425-4123-a4cd-1f8745201186,2024-03-01 16:06:47,Search query
61ad4a9b-3330-40e9-9532-bbd7fc1dd0a7,2024-03-01 15:00:18,Search query
61ad4a9b-3330-40e9-9532-bbd7fc1dd0a7,2024-03-01 15:03:44,Test input
71824811-0b8a-4f7e-9cdc-52f71d026de6,2024-03-01 15:48:56,Comment text
812a9c1f-a662-46f8-a2cc-9e82b776aeab,2024-03-01 16:33:43,Hello
812a9c1f-a662-46f8-a2cc-9e82b776aeab,2024-03-01 16:34:32,Comment text
812a9c1f-a662-46f8-a2cc-9e82b776aeab,2024-03-01 16:35:16,Test input
8bdbc653-6ae5-4561-be6f-b8e8191e3059,2024-03-01 12:46:02,Comment text
8bdbc653-6ae5-4561-be6f-b8e8191e3059,2024-03-01 12:47:22,Search query
997e258b-b4fb-4d75-938b-d5cc3685c4ce,2024-03-01 13:18:34,Comment text
9e142c8d-3e9d-4b34-bf3e-44374d2a9b26,2024-03-01 13:48:32,Hello
b1caaf63-ed91-4ef1-ab05-3afeebaa3518,2024-03-01 17:05:55,Test input
b5f37185-02f6-4df8-9ab7-6131142996e6,2024-03-01 12:31:50,Search query
f35f0921-a0f0-48d4-9f18-a392ca3684b0,2024-03-01 15:31:20,Search query